name,age,street,city,state,zip,lng,lat
Melissa Gonzalez,78,02534 Miller Hill,Loganville,Missouri,17567,-118.940694,-63.522029
Kenneth Carroll,57,8179 Roberts Parks,Clarkburgh,California,43211,-5.175047,13.147792
Daniel Norman,24,938 Stephanie Roads,Jenniferside,Minnesota,15307,154.688446,-39.969785
Theodore Beck,54,45149 Jennifer Gardens,West Elijah,North Dakota,28528,85.451453,-12.1042665
Brett Edwards,58,122 Yvonne Mount,Michealton,Massachusetts,16248,132.530766,-1.7219585
Wayne Lam,75,4749 Thompson Curve Suite 376,Watkinsville,Vermont,39708,116.544005,80.3744745
Kelly Davis DDS,62,2610 Wesley Expressway,Theodoremouth,Maryland,41948,-76.953209,-11.683895
Carolyn Brooks,79,9900 Best Centers,West Janicefort,Hawaii,63821,-21.777069,0.026208
Gina Griffith,23,83191 Karina Harbor,Hernandezside,Michigan,51653,23.644140,55.069105
Julia Pearson,49,64143 Cross Cliff Apt. 082,Benjaminland,Wyoming,95207,-134.780200,77.9853605
Gregory Perez,22,66212 Rogers Rue Apt. 140,East Melissa,California,52443,-42.760125,88.658347
Paul Martin,60,68947 Hill Points,Edwardsville,Delaware,77386,150.047746,19.108822
Lacey Thompson,30,0735 Martinez Groves,Port Crystal,Ohio,83291,163.832433,2.1209835
Cody Valentine,71,47503 Jason River Apt. 999,West Derrickchester,Oregon,72767,-160.059276,5.7956405
Melanie Green,49,8318 Cody Common,Port Andrewshire,Michigan,25945,116.453041,-70.9830845
Elizabeth Hansen,28,58826 Isaac Canyon Apt. 135,Susanburgh,New Hampshire,94414,-155.060129,-34.2823365
Veronica Brown,75,2916 Davis Island Suite 175,Edwardsburgh,Montana,32588,89.024585,61.1660845
Jacqueline Montoya,34,205 Jones Heights,Port Michelle,Ohio,73159,-26.064716,-69.769448
Doris Carr,30,2232 Martinez Expressway Apt. 906,North Tyler,West Virginia,63703,92.359003,87.699165
Joseph Harding,47,72975 Andrew Stream,Joyceport,Ohio,19987,136.517327,53.6706325
Tonya Williams,61,6983 Davis Fork,West Amberville,Alabama,06880,168.311837,-68.4230165
Andrea Beck,25,9602 Ryan Ramp Suite 333,North Danielleville,Minnesota,51605,109.372963,35.3186915
Gina Olson,21,1789 Burke Lake,Kimberlyton,Wisconsin,30446,13.104522,45.3704425
Joel Howard Jr.,64,491 Jessica Rapids Apt. 459,Mezachester,Pennsylvania,54199,173.790677,80.614977
Nicholas Howell,49,6503 King Well Suite 510,Baileyhaven,Tennessee,32764,-112.993357,-16.2903595
Henry Wolf,26,57827 Romero Keys Apt. 916,Lake Michael,Nevada,64661,2.972462,-44.1473015
Jonathan Edwards,39,10327 Dustin Plains,Lake Stephanie,North Carolina,97362,93.868099,-72.627016
Christopher Shannon,70,12505 Faulkner Hollow,Robertberg,New Jersey,41215,0.158208,88.5387235
Jack Mccoy,57,3593 Schwartz Inlet,New Tina,Florida,28885,76.990626,-70.958740
John Chan,76,3743 Jorge Roads,Gomezside,Maryland,77134,-57.421879,-21.2074375
Tamara Faulkner,45,75493 Jill Tunnel Suite 621,New Jason,Ohio,76838,-45.131678,76.4763325
Mark Long,34,5511 Lori Parkway,Jesseberg,New York,85119,-5.370341,16.624086
Gregory Weaver,24,64326 Parks Well Apt. 689,Lake Jeffrey,Maine,51894,-64.481240,4.9838935
Christina Gonzalez,47,77586 Kim Divide Suite 318,West Zacharychester,Pennsylvania,99598,36.832113,86.228781
Andrew Mann,23,5885 Ethan Causeway,Williamstown,New Hampshire,46894,-106.509477,-10.7070385
Caroline Velazquez,18,9438 John Coves Apt. 310,New Michael,Pennsylvania,87493,-173.693968,52.1450125
Dr. Janet Newman DDS,73,3255 Troy Mews,Parkershire,Hawaii,16011,24.870118,-2.6509585
Amanda Short,75,396 David Harbor,East Ray,Rhode Island,79995,121.444659,64.400477
Stephanie Carter,50,7242 Pacheco Pines,Kimtown,West Virginia,42347,78.672430,-65.6730645
Ryan Mathews,33,5535 Charles Greens Apt. 189,West Jasonland,Mississippi,75197,156.941991,-62.543340
Katie Rangel,61,3571 Danielle Road,Jonathanstad,Kansas,99509,131.669352,-25.027323
Colleen Hobbs,45,5437 Faulkner Junctions Apt. 739,Lake Lisa,Idaho,06959,-67.787289,56.377376
Morgan Hill,76,05439 Neal Hill,North Dennisberg,Maryland,69550,17.463702,63.0642645
Brian Dunlap,35,8331 Stone Meadows,New Samuel,Maine,64432,43.315106,-36.732982
Marcia Perkins,31,5124 Robert Ford,Port Kathyport,Texas,33662,152.199871,-40.3469915
Anthony Meza,78,4295 Mary Shore Apt. 896,New Donald,Indiana,99362,-90.089043,64.288629
Krystal Graves,70,17444 Smith Street Suite 056,North Robert,Oklahoma,57846,95.842985,21.4135605
Patricia Garcia,45,408 Ashley Causeway,Michaeltown,Kentucky,55544,143.540493,-43.296170
Brian Waller,61,70096 Savage Skyway,Gambleburgh,Vermont,56573,-45.408879,37.386074
Robert Warren,74,248 Graham Fall,Port Jennifer,Missouri,02632,85.489364,33.8380055
Daniel Jimenez,60,540 Roberts Cliffs,Port Jenniferstad,Missouri,86386,-118.394405,14.2706595
Mckenzie Warner,41,82755 Kimberly Canyon Apt. 718,West Douglasfort,Alaska,81366,-161.293941,-28.8198775
Susan Hardy,60,688 Green Harbors,New Robert,Idaho,29121,164.862833,-1.1273175
Wendy Patton,38,9696 Turner Island,New Bryan,New Hampshire,61608,17.179345,-69.236421
David Kramer,41,82163 Jerry Islands Suite 495,South Chad,Indiana,91921,74.485122,18.3035515
Brandon Oconnell,33,52819 King Glens Suite 351,Stacyhaven,Maryland,57772,179.343306,-39.175925
Alejandro Jackson,75,46526 Judy Rapids,Jessicahaven,New York,37579,12.193480,-68.2315455
Heather Hayes,23,4028 Marks Vista,Bradleymouth,Kentucky,03467,14.568513,55.780061
Peter Higgins,30,377 Rivera Rapids,Rachelport,Utah,98166,-105.406709,-67.5438665
Robert Johnston,70,99691 Cody Tunnel Apt. 505,North Pamela,Iowa,97183,-75.386902,78.6587585
Morgan Harris,23,11919 Linda Fords,Barneschester,Idaho,14114,147.181490,65.562234
Timothy Mendoza,61,82226 Hayden Locks,Ortegaburgh,New York,21242,149.732339,52.717161
Joseph Green DVM,31,327 Benjamin Road Suite 860,East William,South Carolina,84313,-98.447267,60.3382505
Rachel Rose,48,3387 Eric Freeway,Port Victoriamouth,Iowa,62395,-99.529777,56.825403
Lisa Grant,47,37666 Schneider Drive Apt. 914,New Kendraville,New Hampshire,75186,-54.548819,13.4574095
John Patterson,51,814 Lowe Throughway Apt. 166,Tiffanyview,Colorado,45549,16.363906,30.0084385
Brandi Bailey MD,44,48894 Kelley Haven Apt. 929,Lake Jeffreyfurt,Delaware,48136,-3.444182,35.371603
Richard Sellers,57,088 Johnson Crossroad Suite 556,Lake Briantown,Georgia,62147,164.641392,-39.248458
Emily Grimes,31,6368 Patel Vista,New Vanessahaven,Utah,10337,-128.266743,21.286454
Adrienne Lewis,62,261 Lynn Underpass Suite 855,South Katrinafort,North Carolina,39946,33.143999,6.177225
Ashley Campbell,38,000 Julian Station,New Tiffany,New York,12675,14.406131,-2.198180
Sarah Henson,29,8723 Gregory Island,Lake Michael,Tennessee,96245,-110.496687,22.4889915
Lindsey Martin,74,6163 Zachary Ports,Kevinburgh,Utah,10376,-167.004037,-69.5963495
Eddie Baker,69,0026 Weaver Terrace,Port Maryfort,Connecticut,90787,146.022059,67.4743855
Thomas Thompson,77,450 Brooks Forks Suite 638,Williamsbury,Alabama,63483,-63.999454,43.919853
Janet Bass,38,77084 Connie Inlet Apt. 257,Garciaport,Iowa,06267,75.769671,79.5443465
Kaitlyn Jones,47,47253 Ryan Light,North Brandi,Virginia,43765,-114.103915,80.594791
Richard Reyes,24,9801 Hamilton Ramp Apt. 927,Meyerhaven,Tennessee,72080,-96.637639,-43.2948815
Megan Flores,72,9858 Heidi Ranch Suite 293,Wyattton,Georgia,27043,141.520953,-83.587833
Monica Wilson,54,5983 Sydney Meadow Suite 269,Forbesview,Virginia,20562,18.450879,-60.673293
Cynthia Gomez,33,277 Paul Island Apt. 563,Port Carol,Utah,41290,-108.131243,-66.932414
Candice Harris,73,961 Jessica Alley Apt. 601,West Chadfurt,Indiana,72962,-137.709762,-23.478941
Robert Navarro,19,611 Wilson Islands Suite 285,Crystalfort,Ohio,59946,-43.524463,-86.7724405
Timothy Thompson,47,9665 Elaine Walk,Port Edward,Massachusetts,64748,-47.452734,-59.9700235
Brittany Smith,27,12361 Cook Lights Suite 697,Sylviaville,South Dakota,28840,168.027002,22.5806895
Virginia Hodge,28,25986 Franklin Circles,Haysborough,Indiana,80116,-0.978444,2.7052155
Kimberly Reynolds,24,3496 Mendoza Roads Suite 028,Kimberlyhaven,Wyoming,05130,8.631326,-22.094513
Alexis Martinez,49,267 Matthew Knoll Apt. 385,Baileyhaven,Idaho,02817,-38.722320,34.8898425
Nicholas Mccormick,51,36226 Baker Fields Apt. 727,Port Adam,Florida,69439,-52.076409,47.2216095
Wesley Williams,65,83552 Ross Forges Apt. 560,Wendyshire,Rhode Island,03330,-71.097296,-67.0379835
David Patterson,33,56626 Kim Meadows Apt. 214,West Donaldport,North Carolina,24910,163.198781,42.5647715
Carlos Goodman,56,66388 Turner Road,North Bryanside,Alabama,46162,-116.272058,-42.2770815
Christopher Maldonado,76,97078 Williams Rapids Apt. 719,South Williamland,Massachusetts,91207,123.680541,39.660067
Benjamin Jefferson,56,234 Williams Viaduct Apt. 589,Port Michaelmouth,Rhode Island,35111,48.780230,47.546708
Mary West,59,665 Mitchell Village Suite 327,Port Krystal,California,61012,-35.261914,20.097135
Linda Bowman,51,02293 Steven View,South Patricia,Delaware,69566,123.083871,-86.625168
Kevin Wright,27,6751 Glenn Crossing Suite 479,Andersontown,North Carolina,99510,-163.654577,-19.8014675
Kenneth Reed,43,230 Seth View Apt. 563,West Amy,California,33915,167.785567,-2.477794
Patrick Hill,62,2883 Jared Roads,West Jesse,Kansas,46006,-136.256160,-52.8941525
Dawn Gutierrez,26,84358 Sherman Bypass,West Noahmouth,Maine,58175,-67.631032,-74.2471995
Karen Howard,67,247 Matthew Mission Apt. 841,West Seanberg,Arkansas,29965,-102.158213,-45.9025025
Alexander Price,46,1311 Cunningham Knoll Suite 622,New Elizabeth,Vermont,27115,-117.297577,-51.858419
Nathan Perkins Jr.,79,6488 Rachel Harbors,West Danielmouth,Pennsylvania,85125,133.547221,18.0646105
Ashley Horton,63,857 Kristen Shoal,West Amanda,Maryland,29778,147.915013,42.569903
Jesse Pierce,27,61837 Teresa Gardens,New Angela,Vermont,97016,92.835449,67.057783
Sarah Hughes,42,1878 Jackson Alley,West James,Michigan,37442,-5.556916,-17.0841715
Brittany Collins,51,1592 Luis Wall Suite 936,North Cheryltown,Louisiana,47056,-14.116173,47.1375675
Robert Thomas,65,89778 Garcia Circle,Cynthiaberg,Mississippi,29660,80.921536,27.955843
Andrew Moore,58,59688 Anthony Terrace,South Jennifermouth,Maine,02001,-124.829208,-77.7657695
Wendy Adams,77,677 Mark Highway,Port Jamesborough,Nebraska,49305,23.331219,41.5091265
Phillip Wagner,40,69523 Foster Pine,West Carlosfurt,West Virginia,30591,45.713603,-72.6970305
Nancy Pope,57,6523 Virginia Lane Apt. 442,Murphyberg,Missouri,21412,-30.111502,55.2542575
Jonathan Garcia,68,9867 Lindsey Terrace Suite 997,Lauraborough,Massachusetts,10545,-115.143207,63.704919
Stephanie Lamb,57,09293 Charlotte Overpass Suite 951,North Jennifer,Louisiana,61199,123.141542,-35.8884175
Brian Davis,68,765 John Plaza Apt. 074,North Tammy,Mississippi,88309,-161.216390,-69.8574505
Jason Munoz,62,1317 Bruce Forest,New Chelseamouth,Nevada,98353,139.332553,66.996045
James Villarreal,25,459 Dunlap Green,South Jamesfurt,Missouri,63489,-173.378899,79.5481285
Theresa Garcia,65,754 Ayala Green,Cardenastown,New Mexico,16175,-101.219402,44.550761
Amber Moore,29,311 Cheryl Falls,Gregoryland,New Mexico,03252,170.070213,-15.7791705
Julie Mccormick,37,825 Kylie Brooks Apt. 835,East Margaretberg,Alabama,02261,-33.694597,60.195771
Antonio Summers,58,57337 Diana Parkways Apt. 590,Alvarezburgh,Pennsylvania,71090,101.307623,56.5011785
James Alexander,24,836 Smith Plains,Port Kristen,Wyoming,09931,-83.110289,-19.7978635
Michelle Sheppard,35,6453 Michael Mountain Apt. 750,Molinaville,Nebraska,78615,51.102260,23.4788265
John Martinez,48,5826 Young Glen,Francoland,Missouri,28994,-165.592306,79.496064
Christopher Chapman,56,75015 Richmond Ville,Lake Angela,Idaho,16116,12.269133,-7.247117
Brian Caldwell,18,64095 Leonard Stream,Mitchellhaven,Rhode Island,78688,-42.440576,77.0336045
Wayne Warren,30,736 Anthony Haven Suite 790,East Alexandrahaven,Delaware,92303,55.931445,-56.298315
Melissa Gonzalez,68,0121 Daniel Motorway,West Maryfurt,North Dakota,64939,71.395980,-17.1860415
Vincent Hodge,59,543 David Stravenue,West Jacob,Georgia,22559,-45.366922,64.6125695
Jacob Bailey,19,08482 Jerry Mill Suite 543,East Kennethtown,Oklahoma,59196,15.051338,48.768031
Karina Payne,74,459 Harris Junction Apt. 707,Cuevasborough,South Carolina,59162,10.873531,45.502673
Todd Gutierrez,66,646 Morgan Radial Apt. 019,Newmantown,Vermont,51995,57.651532,-42.7433235
Kimberly Hart,46,102 Matthew Track Apt. 876,Brianhaven,Indiana,93127,-135.279554,87.0314425
Robert Juarez,34,774 Jackson Lane Suite 126,Port Jamesshire,Oklahoma,34827,-7.285575,1.5513745
Jordan Nichols,72,299 Michael Courts Suite 631,South Tylerberg,Kansas,61740,111.404043,-62.4204475
Michelle Jones,21,932 Margaret Meadows Apt. 908,West Cheryl,Oklahoma,40246,-69.633832,47.399379
Rebecca Perkins,71,699 Kristin Turnpike Suite 126,Port Donna,Kentucky,72646,68.218834,-85.8870025
Philip Owens,64,8520 Rodriguez Drive,Jenniferview,New Mexico,04576,-157.715321,68.388815
Mary Ferrell,47,903 Atkins Stravenue Apt. 989,Port Julian,Oklahoma,65520,71.734546,9.549467
Kent Baker,57,714 Herbert Mission,Keithland,Alabama,64070,59.437483,1.632500
Brian Stone,49,31503 Danielle Stravenue Suite 226,Rodgersburgh,Minnesota,27634,-75.650981,-46.2447525
Michelle Boyer,18,58925 Daniel Green Apt. 535,New Travisfurt,Louisiana,59216,-171.259668,-13.889003
Mark Stephenson,54,163 Henderson Crescent,North Michaelborough,North Carolina,92294,179.996535,82.5579295
Mrs. Jaclyn Reed,55,4058 Wyatt Crossroad,Lake Alexandraside,Oregon,63917,165.889853,-87.5165185
Dorothy Harper,36,9403 Michael Freeway Suite 055,East Anthonyview,Hawaii,12176,28.137398,-41.158067
Kevin Williams DDS,60,8819 Megan Ridge Suite 024,New Deniseville,Arizona,25464,130.135923,32.6940005
Danielle Evans,41,33329 James Trail Apt. 712,Mullinsport,Georgia,71975,-36.806632,82.4981205
Marcus Richards,38,368 Carroll Fort Suite 425,Williambury,Connecticut,38755,5.705684,-49.928686
Brittany Cohen MD,35,09773 Lance Pike,Port Kimberly,Maine,81015,-112.859396,-75.348646
Monica Wolfe,30,911 Melissa Springs,Port Christianberg,Kentucky,54419,-68.249930,65.3824925
Cameron Dunn,52,381 Patterson Island,East Micheleside,Massachusetts,35477,17.788053,-88.994836
Jordan Garcia,54,440 Smith Ridges Apt. 949,Port Carol,Vermont,74390,59.180237,-15.820993
Michelle Mills,51,7565 Norris Drives,Brittanybury,Nebraska,98314,-159.890458,20.8172755
Sabrina Martinez,31,8087 Hernandez Greens Suite 265,Tiffanystad,Tennessee,44927,-161.675291,-57.7945475
Rebecca Norris,40,5763 Michael Lodge,Martinfort,New Jersey,35802,127.760673,89.1334515
Lori Navarro,41,757 Kyle Land Suite 225,New Anaburgh,Missouri,75332,9.219381,42.7926425
Joshua Hernandez,63,73506 Kim Bypass Apt. 853,South Danielle,Illinois,22406,-80.207772,-38.979411
Kelly Hughes,50,6565 Rogers Expressway,Williamstad,Kentucky,43618,-149.218592,8.4594185
Jeremy Jones,51,20285 Allen Spring,South Edwardfort,North Dakota,36363,42.877916,-43.2559105
Danielle Snyder,32,20642 Luna Islands Suite 725,West Stephen,New Hampshire,26210,38.816745,-44.2155045
Ricardo Sanders,34,09913 Owens Plain Suite 968,Lake Christopherview,Ohio,55726,-40.481344,-30.083168
Justin Keller,33,1668 Murphy Estate Suite 429,Port Kaitlyn,Rhode Island,42845,-166.588088,-81.4330865
Lisa Cortez,56,700 Thomas Lodge Suite 734,Chaneyshire,North Carolina,19916,63.317789,-74.0102965
Timothy Baker,40,545 Sharon Skyway Apt. 541,Lake Michael,Indiana,92607,-175.035295,88.389785
Rebecca Greene,30,654 Sean Springs Apt. 797,South Nathan,Pennsylvania,41382,105.411148,-85.9408875
Regina Perry,61,992 Danielle Park Apt. 517,New Lisaborough,California,68271,-131.300416,-81.778145
Bradley Benjamin,65,9838 Kristina Burg Suite 180,Scottport,Oklahoma,86626,81.077148,-18.717258
Shannon Miller,24,4035 Michael Shores,Derekchester,Connecticut,80639,-12.641180,-60.9419255
Michael Johnson DVM,22,15490 Cynthia Shores Suite 000,Cherylmouth,Pennsylvania,54509,-86.199777,-4.026821
Jake Stout,29,4381 Ashley Well Apt. 967,South Rhonda,Utah,50896,-73.868958,83.544860
Megan Johnson,42,486 Walker Road Suite 054,Leonview,California,96242,124.158883,77.2344575
Sylvia Scott,37,49234 Lewis Heights Suite 517,Mcintyreport,Colorado,82619,-177.545875,28.195331
Alan Brown,40,36026 Johnson Courts,East Tyler,Hawaii,35418,49.901467,39.7710635
Elizabeth Carr,49,238 Ray Dam Suite 117,Flowershaven,Wyoming,79200,63.520636,-29.188274
Stacey Edwards,39,639 Burton Plaza Apt. 394,Caseystad,Minnesota,45194,-39.499334,87.7845955
Jacob Brown,46,332 Lopez View Apt. 981,Vasquezhaven,South Carolina,33327,70.894676,70.176289
Jody Rodriguez,21,474 Curtis Glens Apt. 897,Matthewchester,Tennessee,44569,-77.910499,43.264626
Julia Lewis,63,848 Nicole Ridges,Traceyfurt,Idaho,51369,155.942316,16.721069
Jennifer Daniels,72,26017 Harris Green Apt. 565,Aprilville,Minnesota,58291,-104.579895,64.0866425
Teresa Glass,64,2265 Green Parkway Suite 302,Hernandezborough,Oklahoma,15895,157.186398,-75.2743415
Colleen Anthony,47,05156 Jeffrey Stravenue Apt. 245,Port Ashley,Indiana,00866,99.602937,-61.1777295
Joann Harris,28,71801 Charles Skyway,Smithshire,Hawaii,15072,-87.207849,-35.1477445
Robert Williams,25,4294 Jason Parks,Walkerport,Maine,90989,-74.106039,38.2381715
Vanessa Gomez,78,1014 Charles Mews,North Christianton,Iowa,19292,51.111873,10.3981585
Caitlin Fox,31,3357 Lori Plaza Apt. 498,Weissland,New Mexico,98768,-172.410373,-85.531209
Steven Schmidt,79,6863 Bryant Gardens,Stewartfurt,Pennsylvania,02342,65.229688,-25.8129625
Justin Williams,22,40646 Williams Court,Port Katieland,Arizona,55702,-90.434119,-35.148933
Debbie Chen,19,537 Fox Landing,Saundersstad,Delaware,20499,-82.416971,-64.8447915
Jonathan Smith,64,73761 Joshua Lights,Port Shannon,Ohio,66532,-112.201585,32.3383755
Eddie Clark,61,83901 Heidi Coves Apt. 175,West Stephaniemouth,Maine,84225,-146.336625,-37.560673
Linda Gill,45,986 Mitchell Street,Campbellstad,Michigan,93494,27.386486,-0.822248
Kenneth Serrano,59,3375 Mckay Rapid Suite 659,Romeroside,Connecticut,97523,178.847896,-89.5287945
Ronnie Lee,30,52651 Lynch Roads Apt. 422,West Michealhaven,Oregon,36282,-43.982062,14.911629
Christopher Russo,44,044 Martinez Locks Suite 383,Samuelmouth,Ohio,35877,-96.646778,57.3387235
Samantha Flores,64,3145 Nathan Ports Suite 232,Johnsonland,West Virginia,50413,15.705007,-49.188636
Anthony Solis,62,3293 Lauren Skyway Suite 427,New Cherylmouth,Georgia,26056,-7.163883,55.6367815
Stanley Jackson PhD,76,5320 Stephanie Lodge Apt. 977,Lake Angelburgh,California,26700,119.259158,-48.8660315
Joyce Bridges,40,49306 Hughes Centers,Michaelmouth,Pennsylvania,25781,-10.066488,79.064470
James Solomon,49,6554 Kimberly Pass Suite 787,Campbellport,Oregon,96189,85.191975,66.1105755
Samantha Johnson,24,153 Collin Curve,Stewartbury,South Dakota,94056,6.473526,-85.412891
Ryan Gutierrez,67,126 Spence River Apt. 599,Port Brianna,Arkansas,47060,38.341175,83.374575
Richard Mosley,39,102 Mendoza Land Apt. 743,South Michelleberg,Minnesota,13643,176.325387,62.555460
Brian Chapman,19,4555 John Turnpike,North Ryanstad,Vermont,60652,168.270999,-83.176548
Amy Lopez,57,19005 Bradley Junction,Leefurt,Maine,28593,98.872008,-49.3148235
Cynthia Scott,35,38506 Matthew Tunnel,Bradyville,South Carolina,58706,-100.588913,46.0290155
Kevin Stout,24,91464 Lamb Forest Suite 925,Wardville,Washington,57422,155.605880,-17.299835
Theodore Hunt,57,63014 Gonzalez Row,Lisafort,Oregon,57349,62.061550,-42.977055
Janet Spencer,21,1017 Henry Points Suite 669,Sarahstad,Rhode Island,41231,-144.995604,72.9155775
Kathleen Mccormick,19,21213 Johnson Roads,Lake Evanchester,Rhode Island,99893,-132.588158,-85.3615715
Michael Griffin,77,0804 Roy Square,Toddside,New York,97580,-99.766397,76.226952
Donna Flores,42,188 Shields Ville Suite 306,Davisborough,Tennessee,92766,95.956719,6.738530
Brenda Acosta,43,87076 Regina Station Apt. 953,East Dana,Connecticut,25155,150.007924,83.9316395
Laura Taylor,69,9853 Ortiz Estate,Bryanchester,Idaho,22135,174.600161,-18.542577
Mr. Thomas Porter,18,9755 Taylor Garden Apt. 521,Carrfurt,Illinois,41255,116.336839,32.727958
Haley Hancock,59,87873 Mann Hill Apt. 495,Ayersville,North Carolina,61294,-152.647683,15.497404
Andrea Washington,45,89098 Ramirez Spurs Apt. 159,Popeton,Iowa,33609,167.679558,-82.223665
Jonathan Sosa,80,812 Smith Brooks,East David,Nebraska,71549,144.428138,78.4171295
Jeremy Brown,21,265 Campbell Trail,Rebeccaville,Missouri,31740,66.906106,-54.380403
Amber Mullen,60,11148 Lee Mall Suite 474,West Joshuashire,Florida,57246,-19.254859,-23.1307245
Kimberly Martin,37,8206 Johnny Mountain,Kylemouth,Alaska,66844,92.142084,75.8941805
Crystal Keith,72,95709 David Gardens,New Renee,Pennsylvania,04938,-35.101675,27.927018
Alejandra Brown,37,932 Ingram Pine,Port Margaretbury,Pennsylvania,48480,-92.405142,2.428981
Ms. Kimberly Taylor,18,9677 Manuel Pike Apt. 009,South Erictown,Kentucky,63873,57.296713,-81.581843
Michael Rubio,48,1533 John Land,Port Melissaton,Minnesota,64941,120.508000,-14.8569875
Bryan Wade,55,9552 Amber Viaduct,Sullivanville,Florida,19187,172.819952,71.1462065
Angela Pierce,49,8313 Mitchell Place,Sanderschester,Michigan,54848,158.054282,-75.2073335
Ryan Fleming,56,242 Price Mountains,Thompsonchester,Connecticut,98622,11.003141,62.9954805
Stephanie Horne,65,876 Smith Highway,Mooretown,Oklahoma,40266,151.487063,9.6740175
Kyle Montoya,35,276 Manuel Keys Suite 430,Lake Jason,Mississippi,72978,78.452187,-23.5337485
Sarah Henry,58,909 Stone Burg,North Jason,Delaware,81104,-47.074367,-11.7822075
Brandon Browning,35,739 Julie Stream,West Michelle,Connecticut,10513,-99.237483,77.4973645
James Adams,33,800 Megan Vista,Angelaville,Pennsylvania,48965,-25.666858,6.422202
Jennifer Lee,28,37032 Shelly Forges,Johnsonberg,Ohio,51213,81.276574,84.0711075
William Donovan,21,17623 Bowers Canyon,Raymondstad,Hawaii,31813,99.977344,-74.910739
Teresa Soto,78,33068 Paul Gardens,West Donnachester,Oregon,98596,-47.826209,83.3421315
Patricia Hernandez,43,7500 Gina Rapids,Port Lindseyhaven,Kansas,36399,30.433653,-47.647563
Jo Lee,51,96068 Hernandez Shores,East Benjamin,Illinois,75081,71.783437,-34.7114205
Caitlin Williams,33,197 Michael Greens Suite 591,West Virginia,Missouri,59890,113.926624,83.9084655
Reginald King,26,34488 Julia Meadow,New Ann,Tennessee,03666,117.228153,-21.480794
Laura Shepherd,37,758 Gina Crescent,Taylorhaven,Hawaii,79679,29.339599,-75.1576835
Heather Proctor,66,97972 Joseph Street,Perezport,California,66355,-90.945828,-87.488847
Robert Jackson,57,68813 Davis Isle Suite 843,Martinborough,Wisconsin,78917,-108.222098,-35.016992
Teresa Ibarra,75,339 John Ways Suite 204,New Ryanstad,Nevada,04890,-34.221599,46.0875685
Jeffrey Mccarthy,29,8435 Lauren River Suite 760,Gregoryland,Ohio,77948,163.243891,-50.2372635
Valerie Walker,32,340 Khan Neck Suite 126,Richardsonbury,Nebraska,19616,163.387027,59.883675
Johnathan Sawyer,32,313 Barker Field Suite 995,North Nathaniel,Connecticut,87094,53.920960,-26.6099035
Gerald Mcconnell,65,6183 Angela Villages Suite 696,New Kimberly,Maine,13306,154.061463,-42.4294245
John Orr,35,58379 Navarro Port,West Michaelmouth,Tennessee,45974,17.660470,-9.449425
Nathan Sweeney,37,703 Brian Greens Suite 769,Jensenton,Montana,81391,73.375316,-53.1685195
James Lee,50,6854 Denise Union,Josephshire,Connecticut,06732,27.021312,36.740630
Nicole Olson,29,927 Anthony Forges Suite 188,South Rachelborough,Tennessee,88517,97.203364,15.8712525
Jesus Schaefer,79,6472 Webster Falls Suite 780,Garyfort,Montana,36304,37.236103,-15.5862785
Shannon Elliott,26,27356 Burgess Manor,Stewartbury,North Carolina,39344,-21.554962,45.106932
Deborah Brown,57,84723 Henson Spurs,Jacobschester,Oklahoma,13397,-111.202476,5.2548115
Stephanie Jennings,28,73819 Pierce Drive Apt. 593,Lake Shelley,Wisconsin,46668,21.995382,-54.481009
Robert Bennett,54,8833 Jeffrey Viaduct Apt. 690,Francohaven,Indiana,09963,107.281900,-22.118275
Timothy Valdez,39,27078 Jeffrey Circles Suite 076,Simpsonberg,Virginia,28655,77.072549,-56.293754
William Washington,50,67089 Jason Mill Apt. 365,New Brittanystad,Alaska,29554,120.825545,89.100105
Elizabeth Horn,53,75062 Jacqueline Island,West Anthonytown,Alaska,05602,-145.936592,-89.641570
Christopher Mills,64,93490 Edward Rest Apt. 380,Port Adrian,Texas,02537,100.150244,-41.038102
Emily Hardy,54,00685 Cathy Crossing Apt. 529,Port Denisefurt,South Carolina,19359,-48.668974,-79.4273675
Gregory Robinson,22,31117 Brandi Row,Riveramouth,Nebraska,79810,-175.385139,29.198743
Melissa Young,75,8001 Preston Glen Suite 605,West Ericmouth,Minnesota,45938,-46.959361,-49.8786055
Victor Fuller,65,834 Sandra Spur Apt. 166,Martinezfurt,Virginia,48844,-71.369711,-80.343130
Timothy Bell,45,2632 Kelly Alley Apt. 507,East Jessica,Montana,86944,72.176601,-78.8316265
Valerie Cisneros,49,106 Steven Turnpike,West Amber,Maryland,96981,158.504083,3.9254965
Kenneth Jackson Jr.,37,14488 Tiffany Ranch,Meganland,North Carolina,99601,80.899728,-26.899477
Heather Miller,79,0054 Courtney Spring Suite 423,Williamsmouth,North Dakota,22021,-129.153348,1.0850115
Lee Flores,29,235 Greene Courts,Flemingport,Alabama,77736,-140.137740,-77.7122045
Tracy Morgan,21,56635 Jonathan Station Suite 960,Wrightberg,New York,62663,4.660516,36.1590745
Jasmine Williams,46,957 Benitez Way Suite 705,Johnfurt,Ohio,91498,-167.676463,79.272394
Christopher Rogers,79,927 Williams Fields,Stephenhaven,Idaho,58691,172.926117,-60.8752445
David Johnson,55,465 Alyssa Estates,Port Jamesbury,Illinois,56870,123.051951,-67.8709985
Jason Larson,77,66871 Timothy Track Suite 568,East Tamara,Wyoming,15903,-158.468076,-36.394051
Sarah Adams,70,0329 Rodriguez Heights Apt. 335,Mathewsport,Virginia,14099,-74.284300,10.777222
Kendra Green MD,60,8035 Dean Locks,Johnsontown,Nevada,75888,-17.459228,-49.2769195
Michael Rivera,28,067 Wiley Landing,Nixonberg,South Dakota,07861,-57.633844,8.5939325
Joanna Sosa,48,7543 Harris Throughway Apt. 322,Gamblechester,Washington,67236,60.583311,69.852728
Lisa Vance,21,210 John Lane,Danielfort,Maryland,47680,141.732108,-10.4003815
Andrew Clarke,33,9867 Mitchell Mall Apt. 592,Luisburgh,Nevada,03404,25.732024,-7.2610595
David Kaiser,79,080 Martinez Shores,Timothyshire,California,48134,121.028832,55.588535
Bradley Rodriguez,22,4316 French Corners Apt. 539,New Jacobport,Ohio,92946,129.460171,-4.828560
Briana Collins,36,10809 Callahan Hollow Suite 523,Williamston,South Dakota,37605,-167.296648,-7.1440545
Tracy Miller,18,661 Perez Islands Suite 205,Jonesstad,Minnesota,69924,164.012056,16.089838
Julia Bryant,77,90497 Turner Streets,Nelsonton,Ohio,81601,-115.372946,17.0516905
Timothy Roberts,64,17052 Diamond Landing Apt. 319,North Dennisside,New Mexico,25953,-147.740062,-35.6337175
Shirley Gilbert,20,86416 Daniel Row,New Frankfurt,Missouri,16801,20.362589,39.576843
Denise Andrews,22,7259 Rhonda Wall Suite 558,East Sarahshire,Alabama,86383,-74.954439,79.3775665
Jessica Webster,79,292 Lee Ranch,West Jacquelinefort,West Virginia,42429,153.750431,-65.038609
Michelle Ortiz,80,25769 David Drive Suite 886,Fraziermouth,Virginia,79945,-14.568795,50.2868465
Patricia Mitchell,33,29244 Tiffany Greens Suite 934,East Angelica,Louisiana,43844,69.535861,-21.2069855
Alicia Kim,36,03820 Lopez Shoals,Davisview,Nebraska,45958,94.862853,-67.318706
Ralph Delacruz,56,32055 Steele Lights Suite 743,Williamhaven,Montana,21028,-17.726413,73.199028
Jason Taylor,76,25004 Ricardo Walk Suite 960,North Garyfort,Vermont,53965,-14.418945,-75.2604135
John Lucas,20,96681 Alicia Plains,East Ariel,Kentucky,19028,-147.588433,60.389375
Stephanie Tapia,69,74237 Davis Island,Lake Suefort,Connecticut,81936,-50.524827,25.7424785
Lisa Doyle,75,3753 Donna Track Suite 684,New Jamesmouth,Oregon,06261,36.237035,26.8919295
Elizabeth Hatfield,27,3619 Deborah Spur,Port Thomas,South Carolina,60230,-99.014555,-21.673439
Rebecca Wilson,64,1204 White Street,Yesenialand,Iowa,78773,-90.834537,74.539062
Ashley Cox,18,211 Rosario Parkway,Woodview,Arkansas,56050,171.646507,24.124996
Mary Maldonado,36,850 Martin Heights Apt. 203,Tiffanyview,Arkansas,04557,-92.784084,15.454648
Matthew Meyers,63,85289 William Plaza Suite 171,Smithfort,New York,57938,-3.154487,53.523971
Carl Mckee,43,15274 Brown Common,North April,Louisiana,09626,-44.693176,83.317143
Daniel Pitts,44,62750 Mary Spur Apt. 102,West Jessicaview,Nevada,10364,-87.869737,-85.3294045
James Little,21,18011 Christopher Crescent Apt. 570,Port Paigeburgh,Tennessee,03461,81.273866,-40.449731
Stephanie Porter,32,9534 Robinson Mount Suite 429,Turnerburgh,Nebraska,52977,149.927400,-60.2695895
Thomas Mcdonald,31,71568 Martinez Views Suite 355,North Paul,South Carolina,83052,1.653599,-40.9597395
Kathleen Lewis,74,34743 Jon Route Suite 584,South Peterberg,Maryland,20373,-39.792964,43.232786
Christopher Harrison,72,5384 Jason Isle Apt. 101,Kirstenfort,Ohio,46508,-148.747161,50.234665
Gordon Atkinson,24,17347 Kimberly Square,Harrismouth,Indiana,95325,-127.850340,67.8352195
Travis Harding,55,2764 Garza Corners,Cookshire,Mississippi,32682,-50.816822,-68.063082
Linda Rivera,24,690 Grant Rue,Jimenezchester,Alabama,63169,-46.887910,25.3324735
Carmen Maldonado,55,7550 Orr Corners Suite 701,West Nicolemouth,South Carolina,67245,159.243978,-69.1362725
Valerie Jackson,72,326 Finley Forge Suite 293,Sarahmouth,South Carolina,81844,-66.900820,13.447545
Carolyn Richmond,30,57225 Mcdonald Meadows,Russelltown,New Mexico,07379,-46.758260,33.027582
Matthew Nixon,41,361 Parker Lodge,Kristaport,Maine,09720,-83.914003,-26.5195345
Robert Farmer Jr.,41,8150 Tonya Ridge Suite 848,North Amy,Ohio,62234,76.668115,10.183035
Justin Howell,26,568 Jared Causeway Apt. 858,Christensenland,Kentucky,72941,92.305949,75.0275275
Penny Everett,34,084 Turner Station,Port Alyssaside,New York,92798,-23.325326,49.212261
Joseph Macias,44,84311 Michael Greens,Richardview,Rhode Island,11503,-142.511008,13.558339
Denise Wiley,26,520 Bartlett Street,Port Maria,Florida,81547,7.930565,-52.570396
Christopher Mccoy,78,508 Lorraine Radial,East Charlesborough,Illinois,18322,168.810151,-38.152523
Patrick Thomas,38,83908 Charles Manors Apt. 917,Port Lisaview,Maine,11577,130.502667,11.601656
David James,32,033 Alyssa Dale Apt. 575,Port Rachel,Rhode Island,58927,172.112190,-1.1949475
Victor Thompson,72,72054 Tapia Springs,Daveton,Arkansas,15595,-108.756978,-40.188801
Melissa Luna,51,08266 Dan Cove,Davisbury,Massachusetts,62856,69.732853,-83.2076355
Brian Ellison,44,610 Wells Tunnel,South Thomas,New Jersey,90159,62.604895,60.266559
Carla Johnson,28,19831 Karen Circle,South Juliaberg,New Mexico,89324,-50.248831,-69.9292075
Ricky Delgado,69,01495 Finley Shore Apt. 757,Patriciashire,Virginia,29978,-136.079077,-28.509194
James Clark,31,279 Mclean Throughway Apt. 748,Alyssashire,Virginia,72927,-150.639672,-37.6914375
Katherine Glover,57,0823 Blankenship Dam,East Scottfurt,South Carolina,61806,123.941706,-41.949970
Rodney Lawrence,50,9669 Zachary Harbors,Stacybury,Massachusetts,07408,-4.559344,26.9340615
Maria Garza,50,195 Johnson Burgs Suite 603,Hoffmanside,Rhode Island,50512,31.878968,-24.3359885
Steven Gonzalez,22,881 Frank Roads Suite 123,Desireeton,Colorado,51848,-47.192773,41.005768
Heather Chavez,50,53964 Robert Club Apt. 494,Campbellbury,Indiana,65858,56.836134,3.7921795
Nicholas Reed,31,6408 Amber Causeway Apt. 885,North Heatherside,Missouri,69244,43.342225,-61.913420
Michael Liu,67,379 Johnson Plaza Suite 810,Laurenfort,New Hampshire,51472,30.121589,-80.6164865
Diane Hudson,54,305 Manuel Drives Apt. 261,New Meganmouth,Minnesota,83707,35.439740,-69.662135
Gerald Thompson,59,890 Wolf Canyon,Powersberg,Mississippi,41920,-5.709534,-66.7141125
Kristen Stark,47,5954 Erik Ports Suite 848,Maryland,Kentucky,95962,-133.535724,71.6607115
Todd Holmes,37,275 David Corners Apt. 084,Deborahland,Maryland,13665,17.168580,-47.4100555
Cheryl Perry,48,844 Allison Brooks Apt. 363,Scottview,Hawaii,53915,-75.324777,27.2371715
Diane Willis,50,98187 Jennifer Haven,West Jacquelineshire,Maine,04453,34.455387,25.5670465
Tina Powell,43,1788 Jeffrey Shores,West Victor,Utah,65616,-130.242314,-0.6631945
Cameron Mcconnell,35,7367 Angela Motorway Suite 324,Port Emilytown,Rhode Island,58833,129.782037,-25.0828315
Amy Yang,71,6332 Rebecca River Apt. 997,Peckfurt,Illinois,66246,-48.705486,-65.066458
Jeremy Taylor,74,908 Santos Drives,South Terriborough,California,11997,-55.027862,39.4773235
Troy Burns,54,98374 Kane Springs,Port Keithland,Kansas,04297,-178.142252,8.8283465
Allison Moody,75,1995 Roberts Well,Andersonfort,South Carolina,43523,149.498536,-49.084713
Jennifer Miller,21,601 Berry Expressway,Jasonbury,North Dakota,77361,132.350190,-87.7810835
Joseph Webster,77,74692 Leah Radial Apt. 545,East Scottburgh,Utah,42363,-2.934157,-87.843479
Shannon Jackson,49,6696 Rachel Groves,Buckfurt,Oregon,05328,83.742226,16.5086445
Mckenzie Parrish,47,84346 Nguyen Springs Apt. 044,South Cristinaland,Oregon,80367,-71.803482,-1.8785105
Ryan Harvey,74,3052 Alvarez Ranch Suite 716,Richardsonhaven,Connecticut,28270,-13.817682,11.941715
Lisa Munoz,69,75080 Anna Mill,Walkerbury,Maine,42672,-113.218876,-41.7903325
Mrs. Denise Solis,55,62942 David Spurs,Fitzgeraldborough,Vermont,02072,45.826502,44.3973555
Miss Deborah Ryan,74,0652 Richard Wells Apt. 894,South Dennis,Ohio,14527,127.668967,50.8968785
Hannah Daniels,79,460 Leon Greens Suite 743,Williamsonville,Massachusetts,75191,164.262847,-73.5223145
Todd Anderson,33,6534 Hall Camp Apt. 697,West Sarah,Arkansas,25592,93.795609,69.8874455
William Miller,42,088 Renee Locks,Richardberg,Tennessee,07422,-77.653930,-39.537439
Robert Mooney,79,978 Hayley Hill Suite 052,Jeffreymouth,Michigan,21433,61.850062,-73.3966095
Brian Nguyen,30,32794 Shepard Pass,Port Michellemouth,Oregon,42932,33.774754,64.440432
Jenna Patrick,53,056 Megan Crossing,Morrismouth,South Carolina,87906,137.578239,17.014848
Laura Everett,80,27053 Sean Lights,Woodsmouth,Alabama,57437,151.435070,-62.722746
Paul Gates,42,83136 Foster Corner,Lake Kimberlychester,Indiana,31047,-85.953003,87.9312415
Jacqueline Taylor,79,83811 Lynn Fields,Floresstad,California,44864,-111.871031,-39.6985835
Robert Oneal,39,901 Powers Village Suite 018,Christineland,New Hampshire,67445,-89.844291,85.975252
Cheryl Jones,47,4213 Anthony Gateway Suite 364,Robinfort,New Hampshire,51732,41.140083,17.4878915
Brandon Gilbert,48,9901 Cardenas Inlet Apt. 633,South Katherine,Nevada,60073,-20.309300,63.7578195
Kristen Smith,43,87087 Jennifer Summit Suite 065,Jacobstown,Alabama,08804,-168.746199,-42.2097815
Heather Jones,78,9735 Courtney Meadows Suite 895,Robinsonmouth,Michigan,68361,-120.741901,-58.632977
Jennifer Kennedy,70,04880 Cruz Streets,South Tommy,Minnesota,52562,24.117785,53.591753
Dr. Gregory Adams,76,4726 Burke Ford,South Debra,Ohio,24899,83.161272,67.9090105
Karen Vincent,39,3656 Tara Port Apt. 383,North Pennyside,Wyoming,70456,8.227073,76.6333605
Lori Dyer,69,486 Charles Grove Apt. 095,Joshuabury,Connecticut,84836,176.541999,-66.886747
Mark Lawrence,29,490 Martin Track,Jeffreymouth,Wyoming,13576,174.438017,-62.7375105
Richard Webster,51,5866 Estrada Fort Apt. 634,East Heather,South Carolina,73953,-9.787394,-23.413219
Jose Alvarez,46,413 Henry Run,North Cynthia,Connecticut,21725,134.321420,-69.350356
Rachel Mack,50,92486 Martinez Stravenue Apt. 326,Port Lindamouth,Washington,40551,-84.271971,53.0178875
Sarah Evans,56,32849 Lowe Cove Suite 832,New Williamside,New Mexico,59004,-119.016883,30.986435
Kayla Hale,46,968 Horn Curve Apt. 652,North Kaitlynville,West Virginia,67896,118.905016,50.1962585
Michael Yang,39,69331 Julie Brook,Port Tinastad,Utah,32784,160.160768,86.165518
Dean Boyle,63,38959 Gabriel Path,Lake Teresachester,Kentucky,38809,-6.319598,47.7834645
David Hale,69,4270 Barton Extension,Port Katelyn,Ohio,73998,159.227987,-26.7170995
Heather Brooks,47,45707 Shirley Forge Apt. 779,New Carl,Florida,49643,-51.715112,68.117452
Timothy Snyder,70,0820 Olivia Knolls,Roachchester,North Dakota,64009,148.591002,-69.5641385
Gary Scott,69,731 Moore View Apt. 911,Mauricehaven,Rhode Island,83773,-114.936197,-10.5750685
Mr. Kevin Heath DDS,73,6310 Christopher Square Suite 865,New Bonniemouth,California,46663,-68.791331,44.453314
Jordan Garner,55,73266 Brent Stravenue,Port Alexisside,Wisconsin,06382,55.159518,-22.218502
Victoria Jackson,30,54173 Tanya Mews Suite 439,Graytown,Rhode Island,24555,-176.899801,-32.5581655
Jay White,53,5857 Tiffany Parkway Suite 981,North Nicolasmouth,Oklahoma,93412,-177.538615,-9.200081
Adam Mercado,64,462 Edwards Garden,Erictown,Connecticut,33947,-128.862405,-32.888251
Nathan Rodriguez,73,6245 White Rapids Apt. 914,Brittanyfort,West Virginia,72465,-70.938466,-70.200895
Anthony Coleman,62,138 Emily Common Apt. 932,East Nicholasside,Maine,12184,-21.115076,43.0264335
Andrew Owens,61,0679 Burns Burg,Cookport,Pennsylvania,63761,121.472737,-11.4531815
Erica Snow,35,847 Brandon Mountains,East Michael,Wyoming,49848,73.087344,74.0552985
Lisa Farley,35,00457 Lane Route Suite 950,South Kathleen,Connecticut,67145,56.531665,-36.916199
Michael Evans,57,22547 Wilson Square Suite 360,South Jessica,Arizona,06548,-149.687186,-77.737592
Amy Bridges,79,4611 Stanley Views Suite 395,Dawnfurt,Wisconsin,44634,132.316208,25.049984
Anthony Cain,69,9921 Russell Keys Apt. 190,Mcgrathfurt,Mississippi,03205,98.799233,29.8632605
Jessica Walker,23,034 Miller Ranch Apt. 933,Patriciamouth,New Jersey,61966,-7.509275,-85.205883
Caitlin Allen,31,639 Jeffrey Parkway Suite 169,Grayview,South Carolina,16751,75.195525,14.8177235
Andrea Flores,78,62179 Clark Land,Lake Laurie,Michigan,85375,35.994292,-54.7867195
Tiffany Mccoy,25,151 Taylor Parkways,Lesliefort,Ohio,79869,9.065669,-40.043009
Charles Parks,28,2402 Lawson Ferry,Rubenmouth,Washington,90052,157.983077,64.4384865
Richard Horton,32,9156 Mejia Path Suite 732,South Christopher,Colorado,64232,-30.930391,-76.6383705
Nicole Williams,39,7373 Lucas Mill Suite 053,Chadbury,Ohio,54131,32.508569,-35.923788
David Peterson,61,843 Mckay Manor Suite 595,Hernandezville,Washington,93220,-178.538445,54.7901035
Eric Mcknight,66,722 Johnson Row Apt. 442,Jacquelineborough,Rhode Island,35361,-78.914323,-29.1105035
Jessica Cross,30,0289 Frank Tunnel Apt. 394,Laurafort,Florida,33172,-27.684512,67.874952
Suzanne Parsons,41,503 Brian Turnpike,Taraview,Alaska,29607,-156.746240,78.550436
Olivia Edwards,75,8321 Shah Parkways,Jenkinsport,Florida,50785,21.955136,-53.4973495
Lori Hernandez,51,56578 Jessica Estates Suite 250,Davidland,Mississippi,67331,-178.723841,18.927392
Patrick Rodriguez,42,51406 Marquez Locks Suite 169,Lisaview,West Virginia,56350,142.224913,-14.4862745
Kimberly Macdonald,56,946 Lee Views Apt. 071,East Davidburgh,Oklahoma,01558,69.835980,-50.273385
James Dillon,19,095 Bethany Course,Johnhaven,Illinois,91537,74.659542,48.8172325
David Doyle,47,8982 Carlson Plains,Patrickland,Washington,62947,35.601563,82.823046
Joshua Schmidt,28,78418 Moore Forks Apt. 417,Pierceborough,California,03614,-142.534533,-19.137537
Sylvia Alexander,55,058 Aguirre Ports Suite 052,Lake Amanda,South Dakota,22629,-84.725203,-86.5661165
Ariel Williams,40,214 Simmons Burg Suite 929,Katieton,Wyoming,79291,27.826849,-15.2441485
Matthew Oconnor,52,687 Smith Mission Suite 925,East Williamburgh,Rhode Island,41320,173.161521,-3.2830135
Marcus Adams,56,6334 English Course Suite 792,Lake Seanhaven,Nevada,50324,-120.196579,52.2238005
Paul Eaton,43,5508 Harrell Burgs,North Jason,Arizona,02069,60.806939,-81.457617
Melissa Fox,71,735 Wilson Walk Suite 642,Martinberg,Oklahoma,64211,14.275614,-10.547299
Gina Orr,46,704 York Light,Tranberg,South Dakota,88435,-81.400116,-65.684801
Rachel Bradley,21,1115 Sutton Land Apt. 331,Amystad,Illinois,26133,-11.171604,49.482717
Taylor White,56,67009 Carney Hollow Apt. 377,Thomaschester,Nebraska,02856,-53.504265,-1.1430955
Karen Wong,67,87525 Pearson Centers,Stacyport,West Virginia,49853,11.816311,-76.143157
Kenneth Gonzalez,47,89377 Martin Dale,Turnerside,Wisconsin,07154,-39.926532,79.4672385
Tina Taylor,58,0099 Lisa Forges,Lake Christopherfort,Georgia,09029,-151.097259,77.103750
Juan Franklin,79,080 John Well,Christinemouth,Connecticut,20020,-173.168705,81.3213155
Patrick Wolfe,59,27389 Solis Lodge Suite 600,West Allenfurt,Pennsylvania,48492,179.417431,-70.6602395
Tiffany Levy,63,79755 Lee Shores,Phamport,Wyoming,57601,75.838974,10.6178725
Trevor Gardner,18,690 Rodriguez Fort,Port Cassandrabury,California,26837,118.708441,50.024092
Michael Berry,76,52770 Lisa Circles,Kennethview,Indiana,48129,-106.961422,-79.415647
Stacey Shaw,44,02729 Welch Neck,Allisonview,Arkansas,93062,66.814919,67.115060
Jessica Norman,55,343 Yates Wall,South Laurastad,North Dakota,00930,-129.991233,82.7691415
Arthur Lane,67,680 Robert Lodge,Mindyhaven,Colorado,39056,-123.637623,81.289020
Adam Burke,69,203 Moyer Brooks Apt. 909,Kellibury,Delaware,73263,-103.376068,84.0388615
Michael Henry PhD,64,6579 Christopher Canyon Suite 597,Lake Victoriahaven,Oregon,43979,-161.387609,88.9337675
Richard Santos,67,2717 Hunt Crossing Suite 450,Pittmanside,Arizona,13713,179.215932,-0.4424405
Manuel Owens,69,416 Morgan Burgs,Kimtown,Washington,74243,50.816751,72.4327135
Brandy Miller,43,09619 Lisa Row Apt. 312,Port Codyhaven,Oklahoma,81045,-69.112706,63.2491725
Jeffery Marshall,67,5673 Thomas Ports,East Melissafort,Indiana,47655,-170.098836,44.5866035
Russell Reese,64,284 Diane Neck,South Danny,Massachusetts,81676,166.499878,17.785051
Melissa Spencer,75,9048 Lisa Club,Leeland,Kentucky,98278,145.877100,-63.136165
Kevin Cook,59,36531 Harrell Parkways,Jeremystad,Tennessee,63039,59.274970,1.537103
Joshua Wagner,19,9550 Joy Summit Suite 848,Christinestad,Pennsylvania,25360,-9.810828,-70.3360285
Rhonda Smith,59,059 Julie Prairie Suite 916,Simonburgh,Nebraska,31041,-143.085819,-81.8955465
Rebecca Conrad,73,202 Kevin Ford,Lake Brianshire,New Mexico,84006,-91.755949,-62.3234355
Jennifer Marsh,26,22550 Jack Brook Suite 139,South Calebchester,Connecticut,22784,-67.952970,13.2374785
Diana Harrison,26,507 Cervantes Turnpike,Annaborough,Georgia,78641,88.719244,33.517862
Anthony Davila,25,893 Rich Ferry,East Kellyfort,Tennessee,61408,75.063702,20.787339
Stephanie Morris,21,399 Vernon Islands Suite 188,New Sara,Arizona,90223,-93.962819,59.0477985
Lori Leon,24,18111 Davis Via Apt. 324,Nathanfurt,Alaska,61505,-43.723821,37.8021365
Linda Washington,66,908 Jordan Motorway,New Debraburgh,New Mexico,56200,-112.367131,43.5180705
Melissa Ramos,33,08716 Medina Summit,Bishophaven,Maryland,21212,-92.304582,4.289630
Jennifer Huerta,27,2933 Rogers Lane,Reedfort,Kansas,35532,-41.444985,-59.869422
Matthew Berry,53,72062 Elizabeth Motorway,Brownstad,Oregon,72341,79.748930,71.680021
Christopher Bennett,30,59568 Mcgrath Summit Suite 086,Francobury,Tennessee,21618,82.504345,-31.259774
Carrie Jordan,60,5302 Tran Spurs Suite 688,North Rebeccaville,Delaware,03141,-54.791579,-24.9822865
Anthony Patel,68,58951 Brandon Bridge,Natashaland,California,75967,-159.913042,46.442235
Lisa Patterson,66,6904 Ruiz Shore,West Beverlyfurt,Kentucky,35306,-95.139257,-35.4759815
Christopher Martinez,71,4033 Curtis Passage,Jamiemouth,Texas,19202,44.580663,-7.6894875
Kenneth Hunter,21,76063 Cuevas Keys,Michaelberg,South Dakota,07964,-5.139376,72.9824075
Valerie Massey,71,06528 Nichols Stream Suite 570,Ewinghaven,Wyoming,22597,143.550478,28.7110125
David Schultz Jr.,42,5418 Carolyn Village,Port Saraview,Georgia,61898,113.571678,-11.144581
Miguel Adams,53,9727 Campos Road Suite 685,Lake Dorothy,Washington,35556,151.262511,-62.450202
Andrew Barron,40,1973 Jones Port,East Robin,Vermont,61405,-23.990442,59.198099
Jennifer Hanna,32,9446 Knight Squares,West Paul,Montana,20298,148.808340,69.9134655
Cheryl Sandoval,30,32791 Travis Streets Suite 474,Port Michael,Alaska,35935,-93.407657,-75.8101465
Lisa Kelley,35,10019 Pittman Knoll,West Amandaton,Illinois,11001,169.086597,-11.151037
Christina Cardenas,29,3529 Kevin Garden,Johnathanborough,Alabama,05543,122.830598,-82.687071
Jennifer Robinson,55,6068 Williams Field,North Alexa,Kentucky,77095,53.813742,-25.5884185
Robert Carter,67,39683 Thomas Lock Suite 078,Kariside,Nevada,99750,-149.334416,67.2360455
Gerald Cook,60,8820 Elizabeth Park,Pattersonview,Washington,35143,127.580245,-84.891455
Jeffrey Smith,41,70624 Stewart Ford,Lake Manuel,Minnesota,92291,-52.268318,-60.7627375
Dennis Parker,52,1637 Hamilton Flat,East Albertbury,South Dakota,25630,-22.751915,11.9938245
Vernon Marquez,47,16209 Suzanne Mill Apt. 056,Port Johnville,Kentucky,97675,-141.006737,-32.396537
Jennifer Swanson,48,52510 Flores Inlet,New Terri,New Mexico,13758,-179.683999,-64.431079
Richard Jones,35,735 Christopher Branch Apt. 388,South Alexanderside,New Hampshire,26416,-52.802629,-48.5704895
James Miles,59,03542 King Lake,Ebonyfort,North Dakota,99036,112.927204,11.9702925
Michael Johnson,57,984 Jackson Mall,Davenportbury,Wyoming,53017,-77.950109,-38.8919715
Theresa Mcdaniel,74,15898 Reynolds Forge Apt. 016,South Nataliefurt,Pennsylvania,08271,11.094855,62.1404175
Sheila Knight,64,16639 Holly Inlet Suite 206,Masonchester,Idaho,36996,-18.771199,-83.8819095
Cynthia Perez,66,15541 Lisa Divide Suite 501,New Diana,Missouri,61616,-153.494588,-73.7958855
Laura Mcguire,80,2449 Robinson Isle,West Joseport,Michigan,15069,-30.670165,-1.836367
Dana Morrison,69,279 Yvonne Freeway,East Jerrytown,Kentucky,68405,50.628153,-2.312941
Kurt Singh,57,177 Love Skyway Suite 495,Chadport,Iowa,26811,-169.686057,68.3097795
Krista French,58,0095 Erickson Rest Apt. 648,South Oscarland,Iowa,52639,102.910878,70.7878655
Victoria Bailey,50,971 Riddle Drive,Lawsonland,Hawaii,19784,-70.309841,-27.7733685
Alexis Moore,72,5155 Jones Walk Apt. 501,Kennethbury,Minnesota,94129,-75.913849,43.7300085
Brian Reed,56,8756 Karen Neck Suite 642,Nicholasville,Delaware,23974,-118.528386,38.0280515
Caitlin Torres,77,3255 Davis Tunnel,Allenhaven,Tennessee,44942,93.016958,57.3530165
Jasmine Richardson,70,688 Evans Burgs,Woodland,South Carolina,06096,144.501092,59.375341
Monica Cole,57,4774 Laurie Points Suite 434,North Charlesfurt,Pennsylvania,43725,159.480050,-73.618787
Robert Wolf,42,880 Amy Springs Suite 243,Weaverburgh,Washington,54005,-67.914485,-30.5592315
Terry Wyatt,75,13712 Burgess Estates Apt. 724,Daniellestad,Alaska,33083,86.348182,-45.3554565
Kathleen Baxter,52,315 Joseph Ranch Apt. 990,North Angelamouth,Nevada,57917,-30.611395,-45.585265
Cindy Bell,36,5323 Phillips Plaza Suite 562,Port Virginiashire,South Dakota,87572,147.887447,-58.321258
Mrs. Sara Stephens,51,2056 Nancy Valley,South Becky,Texas,14239,12.354358,-44.217109
Danielle Gibson,79,07542 Garrison Common,West Daleview,Arizona,11150,144.355421,79.238423
Sharon Jackson,68,4570 Jeffrey Mountain,Fowlerview,Connecticut,91260,-46.311652,2.630468
John Frazier,41,866 Aaron Lock Suite 222,Williamshaven,North Dakota,37841,-128.382278,58.306068
Matthew Rocha,69,96449 Mitchell Ranch,North Sharon,Mississippi,92520,128.493719,-47.6925475
Nathan Wilson,54,54626 Alexander Mission Apt. 341,Port Lisamouth,Iowa,94600,161.606955,89.2229245
Karen Mcintyre,68,136 Thompson Springs,West Timothymouth,New Jersey,31429,-163.829480,28.125821
Cheryl Stanley,36,17449 Hatfield Path Apt. 790,Rodriguezport,Michigan,08513,-18.325859,30.1581055
Meghan Gomez,34,7053 Kathy Street Suite 207,Waynefort,New Hampshire,33029,-32.590499,56.8039675
Sonia Marks,27,610 Kayla Expressway,Chaveztown,Florida,03320,118.588525,-38.451313
Tina Monroe,46,32062 Jeffrey Shoals,Mahoneyberg,Arkansas,42747,-139.378560,-77.9019145
Keith Miranda,62,75173 Dawn Skyway,Aaronborough,Florida,81493,-54.498613,-52.097207
Julia Rodgers,48,4473 Benjamin Run Suite 883,Lovebury,Arizona,30233,82.098591,-36.9359215
Ashley White DVM,20,340 Collins Trail,New Monica,Montana,37169,-66.911387,31.4712595
Leslie Chavez,52,017 Richards Tunnel,New Zachary,Maryland,34646,-111.586760,-82.9628235
Brandon Rogers,57,7724 Troy Square,Edwardsfort,Pennsylvania,89465,93.305420,-27.723337
Sarah Barton,46,634 Duncan Trafficway,Port Melindatown,Alabama,82552,77.470567,14.0283515
Miguel Frey,74,432 David Plaza Apt. 243,Patelfort,North Dakota,00998,-12.112501,44.7807905
Jared Flores,32,6583 Kayla Divide,Jeffreyberg,North Dakota,58833,-160.019554,-23.8433615
Sherri Nichols,18,8601 Dustin Track Suite 892,South Williefort,Nevada,96720,-111.223340,-43.407664
Samuel Bennett,80,74209 Brown Coves,New Arielside,Kentucky,98413,-34.982333,4.1809665
Shannon Sheppard,40,73721 Angela Springs Suite 700,East Jonathanville,New Hampshire,47267,-72.935112,-70.3329105
Todd Johnson,61,9842 Jerry Corner Suite 674,New Jenniferborough,Oregon,07018,-117.355950,72.3457055
Lisa Davis,25,2409 Jonathan Vista Suite 337,Lake Ryanshire,Connecticut,32417,-69.259447,-89.2575915
Melissa Bell,58,40731 Nathan Hollow Apt. 715,Lake Elizabeth,Mississippi,75143,160.878542,-30.560152
Erika Washington,46,16397 Erik Grove,Port Luis,North Dakota,82576,10.634405,4.5213355
Cynthia Edwards,61,8692 Tony Prairie,Thompsonport,Texas,46815,166.393154,67.4276325
Ashley Lowe,28,57739 Schmidt Unions,Ericaberg,South Carolina,03253,15.223794,-38.793979
Gary Meyer,56,70552 Price Fall Apt. 206,Murphychester,Utah,71695,-0.316338,31.359969
Ashley Pacheco,61,51889 Beasley Divide Apt. 794,West Davidfurt,Missouri,90788,-110.392695,-3.400836
Jeffery Taylor,36,726 Sosa Flats,Barrettside,Wyoming,10041,-173.720102,-30.224354
Robert Foster,37,9335 Orr Green Suite 507,Jamesview,Kansas,41915,57.147794,52.9761905
Mrs. Angela Ramirez DVM,62,67889 Butler Parkway Suite 416,North Marcus,Colorado,06933,-71.363212,-76.2864395
Jerry Schmidt,80,96444 Lewis Route Suite 176,Woodwardbury,Louisiana,18089,109.190414,58.142872
Paul Jones,38,810 Shaffer Fork,Dawnberg,California,92189,-76.547874,-59.717349
Robert Fox,78,251 Jones Streets,Traceyburgh,Connecticut,11339,45.898665,-89.291629
Colin Sanders,39,14140 Mitchell Inlet Apt. 049,Joshuaburgh,North Dakota,64396,-20.740353,-26.5554655
Lisa Jones,29,60598 Michael Lock,South Sherry,Oklahoma,74191,172.679319,84.7941875
Randy Hernandez,77,2450 King Ranch Apt. 999,West Carl,South Dakota,52077,27.517905,-10.6577825
Lisa Martinez,72,471 Wagner Throughway Apt. 237,Anneton,Oklahoma,97864,-73.008218,29.805904
John Daniels,53,761 James Forest Apt. 722,Walshmouth,Kansas,57853,-136.296450,26.7049195
Howard Price,66,3811 King Grove Suite 010,Port Tinaburgh,California,52480,-43.040806,-64.4154155
Jacob Phillips,55,830 Thompson Via Suite 448,Seanshire,Maine,06439,-72.910078,-0.4263565
Amy Harrell,65,779 Shaffer Lock,New Terry,Delaware,99052,67.625632,-82.7845535
Alexis Wilson,24,43280 Rodriguez Center Suite 697,Richardburgh,Tennessee,90555,-127.161022,-66.757724
Larry Smith,52,204 William Crescent,North Melanieshire,Illinois,95743,13.469192,87.1747905
Scott Evans,46,6467 Samantha Crossing,Alexanderport,Louisiana,29087,150.526713,48.9247775
Michael Wallace,80,3763 Shannon Drive Apt. 226,North Keith,Pennsylvania,29977,76.780847,-6.4726465
Tiffany Robbins,34,72226 Laura Fields Apt. 791,North Maryside,Alaska,23021,155.143256,-83.8687215
Martha Lambert,19,20192 Chandler Ridges Suite 456,East David,Florida,27024,-125.399562,-42.6232795
Desiree Kaiser,71,244 Cummings Circles,Amandamouth,Missouri,57498,49.926700,-32.056905
Jacob Schneider,55,515 Brian Falls,North Pamelaport,Utah,67796,-148.080652,-30.4424065
Courtney Dawson,26,0010 Christina Crossing,East Dannyside,Arkansas,92864,98.747295,-56.182505
Tonya Pratt,49,6278 Patel Viaduct Suite 589,South Jessica,Colorado,77520,-116.475030,-22.605683
Emily Williams,51,656 Smith Crest,Andrewberg,Montana,45113,28.147289,1.1119225
Eric Lopez,78,65437 Wallace Turnpike,South Karen,Ohio,97023,-82.550852,7.322055
Lisa Scott,47,85909 Alvarado Isle,West Kellystad,Arizona,49486,24.526975,-3.332769
Michael Miller,64,119 Pitts Throughway Apt. 151,Scottfort,Missouri,37246,153.083929,-38.458922
Mrs. Leah Bond,19,0029 Sandra Mall,South Melinda,Colorado,23409,18.254802,25.8483265
Miguel Campbell,25,485 Zuniga Ports Suite 243,Lake Ericborough,Nebraska,61777,-1.027753,81.6913865
Kelly Sandoval,37,853 Sharon Course,South Jason,Maine,72046,34.730485,-5.0170855
Rachel Gonzalez,61,131 Brown Lodge,Lake Deborahmouth,Texas,40774,171.633826,34.780921
Brett Flynn,69,778 Christina Glen,Port Brian,California,73406,-106.974364,-39.1839535
Kaitlyn Coleman,64,1560 Livingston Village Apt. 764,West Kristin,Kansas,21662,53.181004,7.9982655
Laura Johnston,30,34990 Stevens Trafficway Apt. 071,Port Johnfurt,Idaho,23074,-174.753101,33.696801
Samantha Austin MD,47,77174 Ellis Loop Apt. 971,Michaelton,Arkansas,86016,116.211039,-46.281795
Charles Jenkins,65,1863 Moon Estates,East Derrick,Rhode Island,36846,140.048377,48.893569
Jennifer Smith,41,31033 Michael Oval Apt. 090,West Ann,Kentucky,57071,58.573540,-80.355822
Anthony Howell,66,9155 Peterson Stream Suite 176,East Stevenberg,Alabama,23444,168.232916,-51.3026795
Joseph Perez,67,144 Bishop Parkway Apt. 371,New Priscillatown,Oklahoma,28722,-91.138425,77.1310955
Jane Hurley,77,496 Dillon Isle Suite 836,New Connie,New York,15292,78.613213,12.9516275
David Richards,25,608 Victoria Cliff Apt. 974,West Ericaport,Alaska,11453,-98.273904,63.043851
Joseph Frank,42,6613 Jamie Point Apt. 212,North Charleneview,Wyoming,18407,-58.180970,7.5655255
James Scott,73,424 Trevor Prairie Apt. 901,New Steventon,Maryland,19051,-120.318399,-78.8222235
Samantha Smith,76,139 Morgan Courts,Kennethview,Arizona,93310,-144.875648,49.4290395
Michael Singleton,67,2604 Corey Streets,South Suzanne,New York,26258,-57.206162,48.756189
Jason Padilla,27,976 Deborah Ranch,Loriton,Kansas,03078,-81.833236,-27.604857
Cassandra Mcbride,30,2451 Cervantes Views Suite 618,New Glennchester,Minnesota,48678,-81.826219,-81.783442
Brian Huerta,77,876 Cox Bypass Apt. 736,Kruegerfurt,Vermont,47415,-100.582032,0.6026645
Kevin Robinson,60,4111 Sonya Keys,Lamfort,Minnesota,45462,-136.509037,-59.4758745
Paul Rogers,63,54073 Danielle Mission Suite 157,Port Amberborough,Texas,94259,-80.171437,60.143652
Edward Burke,67,303 Williams Rest Apt. 641,Michaelburgh,Montana,77272,-32.699260,-48.686545
Laurie Stuart,47,834 Smith Loaf,East Ashley,Tennessee,46530,63.956223,0.0282685
Danielle Lopez,27,5003 Mark Junction,Snyderport,Wyoming,70024,93.533131,19.565768
Jordan Jones PhD,64,11920 Fernandez Corners,Port Walterburgh,Pennsylvania,26802,26.855046,-19.502577
Stacy Fowler,80,2036 Mclaughlin Prairie,Keithview,Montana,66714,14.536658,64.022223
Paul Rodriguez,77,8622 Ethan Springs Suite 541,Deborahfurt,Arkansas,07452,135.341350,53.559471
Katie Pham MD,46,74546 Harold Terrace Apt. 747,North Chris,Virginia,31171,-177.880541,-74.0745925
Mr. Blake Johnson,19,20707 Gonzalez Ranch,South Tinahaven,Wyoming,83136,-53.708074,81.2405675
Sherri Walters MD,76,8044 Johnson Loaf,Johnsonview,Nevada,92056,96.811099,74.104441
Jamie Fowler,77,96767 Lozano Bypass,Cookton,Maine,29409,70.791217,18.855430
Todd Smith,51,7316 Ronald Stream,North Tiffany,Missouri,83207,56.545887,-67.1865465
David Stewart,50,61662 Taylor Parks,Lake Karen,Maine,46498,130.320054,49.7156605
Ashley Miller,21,6690 Christopher Plains Suite 180,Holmeschester,Idaho,63693,10.971392,58.408471
Jason Carrillo,26,2540 Perez Creek,New Deborah,Louisiana,10400,-169.543401,33.6312505
Kelli Donaldson,54,314 Gomez Vista Apt. 332,Melissamouth,California,37148,149.459478,63.039210
Amy Cole,22,71989 Alicia Passage,Lake Felicia,Arizona,88163,-43.447170,74.9668415
Matthew Hendrix,36,43945 Everett Creek,Kennethberg,Iowa,08848,52.569812,-27.5843915
John Johnson,39,87759 Blake Point,New Taylorshire,Arkansas,37394,10.482407,38.9441305
Christopher Mercer,78,67941 Hoffman Turnpike,North Cory,Idaho,88988,58.172032,-60.6528425
Rebecca Irwin,25,99427 Brown Field,East Karen,North Carolina,89206,-22.800818,-46.468606
Hannah Benson,70,2415 Escobar Plains,New Donald,Idaho,73492,4.551892,44.7628165
Rachel Martinez,42,9990 Carlos Street Suite 719,North Lisaville,New Hampshire,58184,145.594806,-38.7579415
Brian Wilson,58,46995 Billy Summit Suite 997,East Barbara,Colorado,24745,-42.985018,0.2768025
Heather Walker,71,054 John Fields Apt. 748,Debraburgh,New Hampshire,93363,176.879458,-81.3400725
Kevin Elliott,58,5019 Paul Grove,Lake Shane,Maine,70455,135.950812,79.300131
Tara Davenport,35,398 Estrada Ridge,Roberttown,Nevada,87254,-36.709508,50.213429
Jeanette White,72,37394 Rodriguez Port,New Donaldland,Massachusetts,20601,54.556436,87.481436
Matthew Walsh,48,5595 Michele Square,Brownmouth,Hawaii,71538,-2.043614,-4.1417965
Lisa Hernandez,63,8612 Miller Trail,Brendafort,North Carolina,27002,59.826848,-41.1693255
Benjamin Jackson,47,2100 Bethany Garden Suite 203,East Nancybury,Vermont,64589,55.388845,53.114560
Mr. Roger Richards,75,1983 Massey Parkway Apt. 351,South Joshuaville,Tennessee,65433,-29.525086,41.7691745
Sydney Fowler,62,2058 Wayne Stream,East Jasmine,Michigan,31331,-7.085679,-86.527937
Douglas Anderson,59,903 William Ways,South Kellyton,Texas,83633,59.678073,-79.674617
Sharon Cohen,61,2719 Angela Drive Suite 374,Donaldstad,North Dakota,79417,156.234169,35.231813
Christine Clark,45,27848 Anna Ports Apt. 062,Wrightmouth,Rhode Island,04645,62.316648,37.1182485
James Hill,58,979 Kim Ways Suite 893,Port Daniel,Ohio,36755,145.147916,-80.4703955
Stacey Fowler,23,8453 Gary Ferry Apt. 075,Kaylaville,Ohio,76522,-134.415877,55.398770
Andrew Olson,56,59903 Anthony Isle,North Kim,Washington,79000,28.545594,-65.9581335
Daniel Wilcox,72,092 Willis Spring,Annaborough,Louisiana,88841,58.714737,-15.952804
Karen Scott,27,60900 Andrew Mission,Rachelfort,California,83527,88.530244,9.103874
Michael Wells,64,33024 Nichols Alley,Port Allen,Alaska,99520,-136.774897,76.220695
Benjamin Smith,76,462 Javier Plaza,Dennisfurt,Massachusetts,72205,42.359620,87.775316
Deborah Payne,68,287 Martin Vista Apt. 272,Santosborough,Iowa,20765,118.225335,17.370462
Renee York,18,072 Sullivan Row Suite 627,Port Katherineport,Massachusetts,91362,-121.994224,-55.2480125
Jennifer Joyce,27,25204 Michael Gateway Suite 325,Paulstad,Indiana,56840,-100.210863,78.5483595
Robert Perry,67,0590 Baxter Springs,Eatonbury,Arizona,75585,85.315084,51.516511
Ashley Perez DVM,30,730 Troy Keys Apt. 374,Jamesview,Utah,19989,-100.755538,-46.0192675
Alice Leonard,21,262 Tamara Common Suite 737,Wongtown,North Carolina,01531,138.829385,-43.5663315
Glenn Tucker,42,433 Green Bypass Apt. 444,East Nicole,Georgia,76775,-178.132751,-66.833842
Zachary Myers,23,4688 Drew Garden Suite 024,Kennethport,Rhode Island,77902,107.947355,-74.5508805
Stephanie Brown,19,16318 David Heights,Parsonsside,Massachusetts,63259,-139.731879,-50.3480575
Allison Adams,24,1443 Palmer Stravenue,North Carrie,Maryland,45892,-86.818271,45.3946725
Gabriela Mejia,38,30971 Kristina Springs Apt. 119,East Hannahtown,Georgia,53259,-22.991537,-86.8141955
Travis Pham IV,65,4177 Brooks Ford,Mcconnellstad,North Dakota,05105,-97.567356,71.5505715
Timothy Williams,51,948 Jason Plain,South Matthewmouth,Oregon,04060,15.126793,59.6218015
Mary Johnson,72,165 Michael Camp Apt. 927,East Katrina,Delaware,83689,-24.963162,-1.137271
Ronald Gonzalez,60,71112 Lisa Lake,Port Stephanie,Texas,76356,-178.620167,55.5711375
Laura Santana,47,196 Mcgee Springs,Edwardston,West Virginia,16524,-61.922019,77.2724775
John Horn,24,869 Karen Station Apt. 083,Matthewview,Wisconsin,91629,120.311249,6.295966
Ethan Moreno,43,2363 Samantha Stream Apt. 545,Lake Cassandrafurt,North Dakota,68382,132.428718,-83.093166
Katrina Sanders,68,7665 Johnson Summit Suite 269,Martinezville,Iowa,74389,-57.224524,-89.3459805
Leah Rhodes,77,909 Kathy Prairie,North Amber,Nevada,35167,147.256032,27.3164165
Connor Ryan,57,5464 Tommy Well,Davidsonville,Illinois,04087,-72.714008,-37.111505
Michael Johnson,79,550 Pham Hill,Brianport,North Carolina,32196,165.073247,-40.2848885
Sharon West,56,4761 Lynn Locks Suite 363,Sethborough,Vermont,40971,1.168877,32.260784
Richard Webb,73,3724 Morrison Views,Lake Gabrielburgh,Hawaii,15146,-75.352161,33.090133
Joe Estrada,58,11232 Tina Springs,Castillofort,Ohio,43577,5.512657,-11.1652975
Danny Reeves,60,58155 Barbara Lodge,North Aaron,Indiana,82995,94.636561,-41.8929615
Randall Marquez,27,35278 Benjamin Spring,Port Hollyport,New Jersey,00880,-14.454863,-45.5116825
Maria Rosales,66,1555 Jonathan Row,Port Cody,Pennsylvania,21994,70.626805,-50.5591735
Randy Cain,58,9881 Lopez Crossroad Apt. 685,Harrishaven,Pennsylvania,88982,66.708073,41.663681
Robert Mendez,80,69283 Brown Road,New David,Massachusetts,21559,-89.828196,7.515450
Dylan Webb,54,49325 Michael Roads Apt. 611,Port Mark,Tennessee,85741,108.537260,-30.432325
Sarah Snyder MD,51,101 Lacey Alley,Mullinsstad,Vermont,84710,35.497089,-22.7391125
Gabriel Jackson,65,48307 Stanley Vista,Lisatown,Rhode Island,48000,-135.424946,-42.557903
Robert Maxwell,62,802 Hunt Camp Suite 417,Peterstad,Oregon,04411,2.289496,36.1418025
Carrie Williams,36,54149 Troy River,Wallerchester,Virginia,93401,-21.528602,39.0109515
Tabitha Crane,40,7089 Avery Row Apt. 734,Barrettmouth,New Hampshire,55870,136.887740,6.223539
Katherine Gill,68,94390 Butler Knolls,Riceberg,Michigan,13663,106.227228,-3.430939
David Allen,68,972 Nelson Drive,South Clinton,Idaho,55533,19.579453,38.3266385
Richard Davies,43,3259 Darryl Islands,Billville,Kentucky,44985,-109.121090,-3.891935
Marcia Bennett,51,7499 Andrew Rest,Lake Matthew,Idaho,05836,-83.328652,78.3751375
Miguel Morrison,68,6596 Rebecca Centers Apt. 493,Rogersview,Minnesota,37838,-107.414355,-49.3692375
Miss Taylor Nichols,59,76721 Christopher Neck Suite 616,Port Amandashire,Iowa,96285,118.885670,84.9851765
Bernard Wilcox,33,3086 Gardner Isle,Cameronville,Oregon,52499,119.935942,21.715236
Jacqueline Montgomery,43,38530 Caitlyn Branch,West Maryburgh,Missouri,89805,-6.914892,-36.3288555
Kristen Sullivan,59,7099 Jessica Gardens,Michelleborough,Idaho,88612,-57.091874,-43.445532
Cindy Smith,68,14161 Chapman Spur,West Cassandrashire,Delaware,90378,-67.583223,37.8480575
Michael Bennett,38,328 Brown Harbors,Taylorton,Alabama,87331,110.025255,27.726501
Brianna Vincent,30,28842 Nicole Curve,Robinsontown,Utah,41547,73.188248,-38.649307
Mrs. Lisa Perry,21,8583 Webster Corners,East Lawrence,North Carolina,46994,166.468048,-1.2325995
Carlos Jones,77,59251 Riley Walks Apt. 787,Moodychester,California,90460,172.986140,41.212054
Steve Baldwin,34,1133 Norton Junctions Apt. 336,Rosschester,Massachusetts,73992,139.686358,-33.802970
Shelby Daniels,35,502 Perez Glens,North Emma,Kentucky,77978,20.013678,-4.214348
Brandi Morrison,19,68698 Elizabeth Isle,South Robinmouth,Georgia,01603,-128.473592,1.507936
Donald Smith,78,187 Roberts Villages,Andersonmouth,Minnesota,95377,66.529272,-18.351972
Abigail Liu DVM,76,988 Suarez Shoals Suite 900,Davisberg,Delaware,50757,-110.565087,81.663791
Heather Cherry,49,369 Allen Villages,Batesview,Tennessee,03808,96.813688,15.9408915
Renee Ray,46,4684 Christy Islands Suite 678,Lake Michaelmouth,Illinois,86922,56.374973,-86.804657
Stephanie Martin,67,774 Velazquez Fall,Port Lisastad,Vermont,13320,174.853456,78.6785995
Christine Thompson,29,2353 Vanessa Field Suite 630,West Kelly,Connecticut,78783,-87.834548,-88.5315975
Matthew Henson,47,17234 Carey Streets Apt. 180,North Matthewborough,New York,94281,-95.378744,81.764402
Erin Taylor,71,321 Rhonda Circles Suite 390,New Jennifer,New Hampshire,78280,93.435185,10.2612015
Misty Hebert,46,93275 Megan Road,Robertstown,Georgia,50182,82.358010,19.0933075
Johnny Buck,20,88345 David Land Suite 867,South Lisamouth,Montana,14251,-23.274774,-87.167356
Shawn Baldwin,49,6826 Maria Port Apt. 109,Shannontown,South Carolina,07133,65.040845,25.497037
Kristi Davis,78,22942 Adam Keys Apt. 765,Gomezburgh,Wyoming,74948,-84.836973,19.319632
Paige Miller,40,10242 Jennifer Valley,Nicholefurt,Minnesota,17101,18.891391,-76.5427155
Justin Moreno,71,45878 Evans Park,South Robinton,Alaska,79768,109.981935,-35.964342
Terry Hill,35,31242 Anderson Point,North Christopherville,Virginia,54491,43.292064,35.714474
Cheryl Martin,20,64132 Hamilton Prairie,Wolfshire,Michigan,85461,-26.832642,-77.595971
Michael Hanna,36,5571 Jennifer Passage Suite 805,North Amberville,Connecticut,85369,4.615133,47.606519
Heather Ford,48,496 Alvarez Field Suite 594,South Krystal,Arizona,44620,-26.832756,-12.601640
Carla Gonzalez,21,3264 Chandler Extension,Melissaview,New York,68860,-7.111222,-45.1788385
Julie Parker,73,641 Kyle Mission Suite 532,Smithstad,Missouri,54435,22.449470,-52.8652425
Jacob Miller,53,479 Decker Locks Suite 775,New Randalltown,Alabama,11378,95.089949,45.386858
Tonya Keller,50,095 Norman Greens Suite 746,New Brenda,Connecticut,79790,-151.049424,47.5883215
John Moore,57,67314 Ramsey Wells Suite 102,Wongbury,Hawaii,29785,-95.229915,-36.5560215
Elizabeth Marshall,38,541 Hernandez Circles,New Cathy,South Dakota,72886,-146.542541,-88.6458735
Lisa Mccann,76,2526 Mitchell Village Suite 151,Karenfurt,Rhode Island,62959,-49.464993,-79.827319
Angela Glass,58,317 Serrano Cliff Suite 158,New Tylerberg,Kentucky,82829,-62.097286,-64.817345
Nathaniel Davis,76,287 Kristin Place Apt. 744,East Ruth,Oklahoma,55008,178.196321,-61.0296175
Janet Fry,66,72161 Cynthia Forks,Lake Tyler,Hawaii,95745,-130.458763,-26.5879145
Robert Morris,29,3784 Brown Ferry Apt. 892,Rojasport,Massachusetts,47226,60.459303,11.1886075
Evelyn Hartman,53,2808 Kennedy Wells,West Fernandostad,Nevada,52316,-55.120991,18.320323
Leah Salazar,33,010 Darrell Prairie,Paulchester,California,39665,-27.740377,13.7005965
George Miller,39,78203 Anita View Apt. 785,Samuelfurt,Massachusetts,59411,-128.071538,53.9818715
Manuel Ramos,58,42606 Katherine Drive Suite 759,West Phillip,Rhode Island,98509,-103.581059,-84.3415235
Kevin Carr,50,61874 Chapman Path,Mejiaburgh,Kansas,97378,77.012294,-79.1624195
Kenneth Long,73,874 King Way,New Thomasland,Virginia,67839,138.239371,26.930094
Andrew Kelley DVM,64,90194 Stephen Shoal Apt. 461,Robertland,Louisiana,60703,24.924695,60.7487235
Rebecca Cooper,78,0293 Hernandez Valleys,South Richard,Nevada,68387,113.387677,80.4277075
Jordan Duncan,64,27285 Ashley Orchard,Port Shannonhaven,Washington,95241,-1.690751,-53.055811
Cynthia Hernandez,25,7324 Lisa Port,New Carlosville,Montana,62156,-143.589998,56.1137115
Kimberly Sanders,63,6880 Jack Underpass,Hendersonburgh,California,85085,-31.457458,41.4504595
Nancy Green,73,01226 Williams Camp,Jenniferberg,North Carolina,91993,63.897335,-79.9820505
Rebecca Sutton,24,858 Hamilton Walk,Jeffreyfort,New Hampshire,25075,123.371672,49.7691925
Ryan Davis,57,12418 Rhodes Mill,East Anthony,Connecticut,82353,3.310300,-35.0350785
Jeremy Brennan,22,6557 Edwards Rapids Suite 363,Rosaleschester,Idaho,54237,-142.870233,-13.3056475
Andrea Allen,72,5812 Brent Junction Suite 313,New Rebeccashire,Nevada,07421,80.143685,-47.1630165
Richard Williams,56,111 Miller Tunnel,Fischerstad,Idaho,32434,48.151449,78.543428
Aaron Nelson,22,4102 Carson Skyway Apt. 243,Collinsfort,South Dakota,58725,-33.933032,-78.876913
Steven York,60,7597 Heather Mall Apt. 932,East Mariaside,Pennsylvania,51777,-130.101561,-31.5249985
Stephanie Alvarez,25,907 Barrett Radial,South Victoria,Mississippi,66055,-84.667527,-1.287034
Michael Reed,66,8410 Justin Common,Martinberg,Arkansas,12229,-76.688861,-49.5256815
Trevor Spence DVM,48,31434 Wilson Pine Apt. 917,West Carolynville,Idaho,44722,140.571652,-84.553786
Anthony Robinson,19,9030 William Harbors Suite 255,Katieborough,West Virginia,05333,-38.762112,-60.1104435
Katherine Williams,31,709 Seth Walk,East Michael,Alabama,64674,-40.698833,-34.538842
Stephen Hammond,37,7602 James Alley,East Jennifer,New York,56444,-37.373703,-34.947674
Michele Roach,50,4164 Philip Extensions,Danielchester,Kentucky,82775,-43.050444,40.2332105
Sherry Huffman,41,534 Young Stream,Lake Eric,Louisiana,07746,40.034891,6.068772
Elizabeth Woods,23,0031 David Parks Apt. 847,Mcmahonton,New Hampshire,39690,110.094028,68.975834
Lynn Evans,70,56095 Hamilton Greens,Nicholschester,North Carolina,13814,145.033829,2.1425595
Molly Spencer,33,76173 Norton Falls Suite 820,Katrinastad,Maine,07131,155.817784,77.6299205
Walter Liu,20,4763 Monica Stravenue Suite 089,Fuentestown,North Carolina,93659,-48.990744,-45.2039855
Jennifer Fisher,20,97059 Amy Divide,Charlesville,Massachusetts,92699,122.858624,46.672383
Kristina Cantrell,62,755 Benjamin Corner,Fernandezbury,Indiana,39021,7.456052,89.7570885
Robert Russo,80,84367 Amy Harbor Apt. 267,North Richardside,Kansas,89314,47.079057,-31.9745975
Kimberly Allen,69,2023 Anderson River,Lake Elizabethmouth,Indiana,69278,175.865041,-77.060014
Michael Brown,52,823 Jenna Light,Tiffanyfort,Washington,71878,-151.152708,71.6788705
Amanda Castaneda,38,5818 Rodriguez Cape,Marissaberg,Wisconsin,05297,17.713119,-17.062389
Joseph Mcdonald,59,5152 Dunlap Knolls,West Joshua,Utah,07046,-51.467398,3.030927
Emily Young,66,064 Edwards Islands,Matthewhaven,South Dakota,63192,133.814113,74.510944
Richard Hancock,77,5549 Eduardo Junctions Apt. 810,Lake Tina,New Mexico,16814,152.926455,74.9190905
Zachary Reed,50,577 Jessica Turnpike,Benjaminmouth,Texas,68979,-60.619127,40.7639105
Megan Harrington,51,38633 Danielle Plain Apt. 784,Gonzalezmouth,Louisiana,98064,-178.392284,-18.790220
Julie Duncan,35,85482 Kimberly Circles Apt. 545,Martinberg,California,57322,-52.502951,4.595439
Christina Bennett,44,090 Johnson Brooks Apt. 120,Parkertown,Washington,62839,-35.601752,58.3435355
Amber Smith,18,322 Goodman Grove Suite 662,Port Jennifer,Minnesota,12674,172.699924,53.316496
Suzanne Harris,29,533 Ruiz Square,Williamsshire,West Virginia,50836,95.225113,87.6176375
Mckenzie Watts,72,833 Smith Islands,Reyesport,Mississippi,29207,166.379745,-28.8116665
Amanda Sutton,30,12443 Collins Views,Laurentown,North Carolina,48220,157.015880,84.029809
Brian Hughes,74,279 Carey Hill,Wilkinsonshire,Oklahoma,60284,40.402154,34.8556045
Steve Spears,47,2556 Heather Inlet Apt. 279,South Tamara,New Mexico,13705,-86.500043,-41.570349
William Williams,43,71035 Amy Way,East Sandrafort,Vermont,59237,67.854843,40.2205585
Edward Clark DVM,20,194 Larry Cove,Laurenview,Colorado,86526,165.866461,72.5714845
John Miller,70,7059 Ruben Rest,New Stephanie,Nevada,89946,137.086555,70.5024895
Loretta Black,79,32720 Wells Mountains Suite 095,North Danielside,Alabama,61695,171.077220,62.308189
Jocelyn Hicks,48,1321 Alyssa Islands,Hernandezborough,Mississippi,33160,-75.448855,58.432780
Michael Bridges,70,20000 Deborah Dam,Lake Travis,Washington,18274,65.355263,23.783203
Justin Li,24,3521 Watson Lake Suite 211,Port Justinville,Kentucky,95010,-7.048782,-32.877699
Matthew Lara,63,8098 Lisa Road,Port Amy,Alabama,34067,98.793549,48.081345
Nicholas Mcbride,38,6721 Diana Greens Suite 309,Matthewfurt,Utah,18745,130.665768,3.346027
Gerald Lambert,63,471 Gonzalez Key,Port Courtney,Texas,23781,-3.258131,10.9392575
Erica Vang,35,49300 Albert Lake Suite 634,New Scott,Pennsylvania,24126,69.116855,75.4517445
David Mcdonald,72,65170 Briggs Heights Suite 348,Alexanderport,Nevada,65082,-154.077298,67.132905
Stephanie Cobb,35,87903 Andrew Roads Apt. 234,New Rachel,Florida,76436,34.903657,-26.6604935
Leslie Graham,35,52385 Willie Plains,Churchberg,Indiana,01760,-151.967102,72.083325
Timothy Crane,18,985 Darrell Lane,Lake Feliciastad,North Carolina,56669,-53.664579,-42.179909
Sean Mosley,47,89128 Jason Crossing,Charlottehaven,South Carolina,71601,34.253805,0.6326445
Bradley Esparza,32,4793 William Island Suite 317,North Amanda,Missouri,72939,49.193378,24.646559
Tyler Hardy,43,92879 Fritz River,Campbellfurt,Alabama,38479,-20.294661,-51.759856
Paula Moore,41,8084 Johnny Junction,Adkinsland,Pennsylvania,82670,-55.460172,2.130290
James Rivera,47,6063 Jennifer Walk Suite 746,Timothyhaven,Rhode Island,10188,-142.217536,54.4724065
Andrea Phillips,58,3614 Cooper Green Suite 997,Lake Briana,Massachusetts,84419,-151.524418,-20.557321
Eric Larson,48,4253 Charles Green Suite 359,South Amanda,Connecticut,89899,-172.406922,-83.4077455
Kenneth Fitzpatrick,57,7587 Richardson Hills Apt. 365,South Williamburgh,Vermont,19186,63.263791,-33.2192205
Erik Gardner,28,24735 Hunter Village,Dylanchester,Pennsylvania,88338,-62.746374,-30.0611015
Tiffany Sanchez,38,51456 Hooper Wells Suite 628,North Andreahaven,Connecticut,00763,-87.071575,-40.234643
Leah Martin,72,74519 Murillo Groves Suite 329,Shawside,Louisiana,62584,1.028972,11.3230145
Roy Walker,63,7474 William Highway,Hamiltonborough,Rhode Island,49078,120.796875,4.745155
Morgan Gardner,21,355 Michelle Vista Apt. 937,Brownberg,Ohio,65271,-43.994631,-80.047091
April Perez,62,49678 Arnold Skyway,Aguilarchester,Florida,69599,-2.054348,-88.634407
James Vargas,50,5341 Katrina Prairie Suite 123,West Chadchester,Rhode Island,10798,172.587543,45.5157305
Michael Rojas,32,86759 Wright Lakes,Jeffreyborough,Montana,46983,-148.486045,60.5092185
Jill Johnson,26,9505 Nancy Point,Mitchellstad,Pennsylvania,16223,67.124669,2.050114
Amber Odonnell,34,965 Vaughn Cape,Andersonside,Ohio,01713,-29.223946,11.6360195
Jason Estrada,63,511 Tracy Route,Hudsonburgh,New Jersey,42876,173.183998,28.1125535
Carol Donovan,57,00991 Cordova Neck Suite 020,Jonathanland,Arizona,85133,24.273722,-86.486821
Kimberly Cherry,36,4875 Taylor Trail,Bobbyshire,Wyoming,34377,11.369266,-74.2528975
David Daniels,36,02129 Jody Course Apt. 244,Jamesside,California,90005,-173.911853,-0.3343615
Jenna Brown,48,3192 Smith Shore,South Jenniferville,Arizona,76841,50.358897,63.636609
Michelle Nichols,44,09173 Monica Throughway Suite 778,Haroldland,Michigan,55074,-21.112712,-17.8980705
Tammy Little,52,93078 Arias Island,North Craigfort,Illinois,95752,-160.969299,77.057290
Robert Haney,48,92609 Cooper Stravenue,South Kimberlystad,Wisconsin,53048,144.053205,65.4526755
Dr. Nancy Frost,58,8198 Howard Drive Suite 593,Port Shannon,South Dakota,44026,98.844767,12.3142395
Jennifer Wright,67,40612 Sarah Viaduct Suite 516,Browninghaven,Wisconsin,16461,-27.443313,-2.4787135
Sandra Larson,60,3407 Anthony Vista Suite 667,North Joshua,Massachusetts,06925,61.384531,8.521511
Howard Gentry,29,63936 Friedman Road Apt. 967,Tammyton,Kentucky,87411,-133.738989,39.9309835
Grace Graham,64,752 Fernando Isle,Whiteborough,Pennsylvania,35968,-0.938059,-64.872896
Stephen Oneal,79,0293 Douglas Lodge,Briggstown,Mississippi,73578,167.272616,10.263942
Rebecca Mullins,66,0894 Edwards Mount Suite 649,South Christopherland,Idaho,29816,-60.875118,-39.233381
Gregory Lee DDS,73,6144 Potts Dam Suite 012,Lake Adamberg,Connecticut,27535,-25.091981,-21.3922075
Angela Garrison,45,80206 Shannon Bypass,Lake Colton,Oklahoma,16663,8.346639,-19.641300
Tracy Barron,78,88321 Paul Burg,Port Anita,California,15306,-175.468898,-40.675727
Breanna Perry,70,191 Valdez Mills Apt. 839,Peckmouth,Maryland,58909,140.722579,-41.930223
Thomas Waters,36,8249 Kevin Stravenue,Juanmouth,Montana,15990,-171.732255,17.035713
Brandon Johnson,24,85488 Turner Plaza,Lake Matthewborough,Georgia,04080,-106.695290,-5.415944
Kellie White,66,408 Thompson Loaf Apt. 954,Michellehaven,Kentucky,31184,-67.748045,-30.2692505
Gail Pierce,79,124 Mark Harbor Apt. 383,Rosston,South Dakota,56532,-102.955268,61.1629875
David Harris,60,910 Laurie Drives Apt. 153,Penaburgh,Ohio,78184,-157.400599,35.0160155
Summer Baker,78,7132 Shelton Cove Apt. 631,North Charlotteburgh,Colorado,90796,130.772347,-72.246048
Heather Pham,53,158 Rebecca Grove,Catherinechester,Colorado,64148,75.984529,55.666912
Corey Perez,67,95940 Daniel Plaza Apt. 805,South Davidview,Rhode Island,99669,101.217894,-5.8548375
Thomas Brooks,29,448 Robert Station Suite 558,West Allisonstad,California,97932,125.160018,86.7527045
Maria Bowman,76,25684 Hill Valleys Suite 678,West Rachel,Wyoming,04588,-170.132388,54.936552
Andrea Nicholson,63,68529 Austin Centers Suite 943,Serranofort,Utah,87834,-46.904536,6.079116
Craig Flores,80,165 Rachel Mall Suite 787,West Danielside,Kansas,03987,-54.592472,-74.2444365
Melissa Collins,53,2751 Pope Streets Apt. 999,North Benjaminshire,California,18621,-76.175035,43.710285
Kenneth Bush,52,488 Escobar Meadow Apt. 768,New Robert,Iowa,97829,65.015818,-0.558013
Michael Perez,66,865 Stephanie Neck,Traciechester,New York,93745,1.174200,-2.652091
Crystal Hood,49,83563 Ryan Crossroad,Justinland,Kentucky,16140,98.006863,-82.7874895
Joseph Cordova,31,50136 Smith Locks Apt. 625,Port Joshua,Oregon,83501,-133.680860,75.307444
Leslie Willis,62,68231 Chad Points,Millershire,Alabama,20918,-111.047914,16.025878
Brian Bolton,18,3648 Scott Island,Fitzpatrickland,Vermont,60428,125.864058,-16.708485
Destiny Collins,46,920 Joshua Viaduct Apt. 591,Lake Michael,Nevada,27253,-39.201738,41.8003595
Victoria Sanchez,21,92021 Angela Squares Suite 606,New Jeffreyton,Colorado,08852,172.576091,-5.6772205
Kevin Anderson,26,7907 Valencia Views Apt. 839,South Gregory,Louisiana,12212,-102.697548,48.046117
Jesse Steele,27,5145 Heather Radial,Longbury,Georgia,30988,-27.787561,71.521816
Ryan Stevens,48,1511 Gomez Burgs Apt. 898,North Darrell,New Hampshire,54220,121.943517,-57.1201195
Adam Yang,24,3676 Brian Corners Apt. 125,New Williamstad,Montana,01361,-63.154037,-68.0812015
Richard Delgado,44,388 Laura Summit,South Davidside,Wyoming,06873,105.873933,68.2079875
Crystal Ramos,38,49528 Ryan Glens Suite 641,East Michael,Oregon,92351,84.359654,-3.506640
Ryan Ramos,23,3905 Thomas Mall Apt. 952,Thomasmouth,Arizona,91751,-19.744273,-14.860254
Tony Smith,54,3479 Brown Garden Apt. 057,Jacobtown,Idaho,09402,18.036645,78.981625
Elizabeth Kirby,64,27604 Emily Station Apt. 701,Burtonshire,Delaware,14535,-110.332427,33.735902
Jackson Butler,39,7081 Mendoza Shore Suite 290,Rodriguezland,Alabama,68332,-143.894454,19.6110815
Julie Sanchez,65,402 Green Cape,North Michael,South Carolina,59553,170.817776,-59.0153175
Courtney Bender,20,404 Kristopher Courts,Juantown,Wyoming,75547,24.789759,54.319056
Jill Long,48,34990 Clark Mountain Suite 877,Laurenburgh,Iowa,21466,115.006755,12.9315495
Sandra Hill,24,4988 Evans Orchard,West Tylermouth,Utah,30543,-173.248102,60.070334
Robin Kelly,39,34135 Eduardo Ferry Apt. 513,Stevenhaven,Alaska,28886,55.408390,-32.875758
Kristin Morgan,43,203 Flores Plains,Rebeccafort,New Jersey,40487,104.448745,6.8625645
Jessica Martinez,43,96429 Tammy Village,South Meghan,Montana,80323,133.422108,-71.389116
Cynthia Lopez,23,4759 Emily Spring Suite 509,Lake Steven,Louisiana,17337,-108.676646,-84.616117
Julie Richardson,60,4875 Thomas Ford,Nicoleview,Hawaii,32447,-46.664883,34.7783155
Jennifer Griffin,73,349 James Valleys Suite 089,Raymondburgh,Washington,00695,-142.029456,-72.374450
April Bonilla,31,71322 Mcmillan Drive Suite 309,Francisland,Mississippi,26030,-165.001561,4.5913815
Jacqueline Cain,64,54857 Holly Unions Suite 145,East Anne,Missouri,51262,7.874977,-65.798922
Cameron Armstrong,63,4040 Grant Ports Suite 069,Floresstad,Wisconsin,31786,144.826754,67.7871895
Harold Wright,77,54025 Mitchell Lights Suite 714,Murraychester,Missouri,46029,0.791266,67.7438895
Evan Short,23,17550 Stewart Glens,Lake Christopher,New Mexico,23409,-5.691778,-31.6434595
Emily White,23,207 Banks Street,North Kristaview,Nebraska,25135,52.792842,66.8771045
Patrick Morales,36,9471 Michael Street,Judithfort,Massachusetts,47963,66.259386,61.746399
Joseph Hernandez,48,5773 Rodriguez Common,Ramirezmouth,Utah,36319,-7.767215,-34.1020495
Charles Sutton,48,43511 Angela Drive Apt. 877,Brownborough,New York,05135,158.378830,-5.5451895
William Brown,46,7816 Washington Courts,New Jerry,California,70362,116.065816,46.3607585
Elizabeth Aguilar,18,720 Gray Islands,South Billy,California,51468,-95.137927,19.4643315
Sandra Martin,72,746 Meyers Shoal,New Samanthahaven,Massachusetts,98673,-165.248994,73.836315
Jay Cochran,20,331 Nelson Hollow Apt. 563,Maryshire,Florida,05959,-86.933839,-70.816875
Samantha May,21,35217 Randolph Islands Suite 499,North William,Alabama,21129,103.640056,68.0489755
Michelle Smith,45,4743 Hoffman Inlet,Lake Amandaside,New Hampshire,95230,66.287419,26.0268355
Ronald Patrick,28,96962 Rivera Point,Baileyfort,New Hampshire,09034,21.759972,-24.391705
Maria Sanchez,37,066 April Island Apt. 427,Cherylburgh,North Carolina,28355,35.104889,76.887285
Jennifer Martin,35,661 James Meadow Suite 909,Mckenziebury,Delaware,84582,-72.412029,-9.745235
Tiffany Villanueva,44,9092 Park Cliffs Suite 271,South Lisaland,Alaska,86600,-136.550489,24.828961
Bryan Trevino,57,31439 Cohen Mission,New Christine,Montana,18120,77.999206,-65.438620
Rachel Ramirez,19,499 Jackson Turnpike Suite 337,East Brendaside,Texas,40502,-0.798018,79.985258
Steven Taylor,46,3649 Anderson Bridge Suite 536,Allentown,South Dakota,77783,-60.818009,-72.6004515
Donald Pennington,48,858 Gibson Crossroad Suite 815,Port Sherry,Pennsylvania,90661,-170.079562,-18.8215315
Megan Moore,35,57095 Sullivan Extension,New Dylan,Alabama,14284,-12.257880,0.305910
Darren Vazquez,79,030 Rebecca Falls,Jenniferburgh,Oregon,90359,-161.908311,-68.8719675
Mr. Brad King,49,683 Audrey Plain Suite 965,Perezfurt,Pennsylvania,73954,-0.926817,-79.722656
Mr. Edward Kirk Jr.,62,989 Collier Harbor Suite 703,North Alexanderland,Colorado,77716,144.267520,-88.1457955
Richard Reed,28,5966 William Courts Apt. 602,West Shelly,Minnesota,34783,0.222977,77.9529525
Jessica Mcintosh,28,9150 Alec Valley Apt. 363,Butlerchester,Pennsylvania,16144,-175.423392,39.8978005
Mark Swanson,37,139 Taylor Grove Apt. 806,Lake Donport,Pennsylvania,60146,-48.214285,-54.9875435
Mary Pugh,55,47528 Kristie Rapids,Hernandezmouth,Kentucky,71147,126.175484,-43.8253155
Paula Thompson,75,0555 Kim Garden,Michaelton,California,66856,38.654348,40.186742
Austin Bauer,32,530 Wesley Forges Apt. 149,New Jennifer,South Carolina,81014,73.608938,-61.8573905
Daniel Davis,49,49667 Jessica Plaza Apt. 934,Lake Victoria,Michigan,38957,-70.708911,-59.8154745
Alicia Brown,18,66113 Robert Mall Apt. 846,Port Melissa,Nebraska,32935,-164.467877,35.1712155
Samantha Marshall,22,18957 Wilson Streets,Port Holly,Hawaii,71369,-2.823510,13.329822
Brandon Garcia,64,841 Berg Mission,South Garyside,North Carolina,93987,2.346233,53.1494585
Gregory Stanley,50,7360 Wilson Prairie Apt. 061,Michelleton,Alaska,57974,100.947463,65.198656
Christopher Little,66,78971 Marco Way,New Brian,Alabama,25603,-26.580336,52.5663605
Devin Powell,21,1456 Michael Inlet Apt. 380,Melissaside,North Dakota,36174,126.586527,27.117555
Jennifer Hamilton,39,7132 Leon Spring Suite 751,Donovanborough,California,52571,-75.563424,-35.588530
Robin Higgins,66,37241 Erickson Place Apt. 741,West Michael,Connecticut,71044,-84.042528,-78.112011
Latoya Brown,73,76849 Arthur Brooks,Lake Markhaven,North Dakota,29372,-38.920063,-57.9712345
Jennifer Phillips,70,1446 Wright Trail,Duncanhaven,Alaska,33832,87.311487,-31.659448
Matthew Jacobs,20,528 Green Freeway Suite 069,West Michelle,Nebraska,20622,110.042242,0.6510305
Katie Browning,33,964 Shields Dam,Port Kellybury,Maryland,96542,122.893625,-55.3519345
Carlos Hall,29,43212 Henderson Village,Port Victoria,Virginia,83613,-66.355536,64.495196
Shannon Townsend,73,03614 Jennifer Via,West Lisa,Wyoming,90374,92.363818,59.171043
Victoria Ramirez,41,000 Douglas Square Suite 092,Rodriguezton,North Dakota,63155,-160.367045,-4.219520
Erin Khan,47,59550 Jeffrey Walk Suite 410,Rodriguezchester,Maine,21809,-11.183194,-45.304958
Christine Andrews,79,5173 Nicholas Mountains Apt. 330,Riverastad,Montana,68516,-99.349971,-53.4960755
Michael Simon,23,749 Joseph Cove Apt. 523,Conniehaven,Washington,18701,39.762247,60.451801
Amy Perez,22,474 Eric Parks,West Rebeccahaven,Texas,49954,142.821020,-43.6162485
Michael Hall,66,7489 Glass Grove Suite 835,Fieldshaven,Alaska,05037,-30.005412,-23.080819
Kenneth Wilson,77,4536 Debra Knoll,Port Dawnhaven,South Dakota,42073,-159.017988,-25.068236
John Carr,58,6426 Charles Forge Suite 272,East Christophershire,Wisconsin,52131,-50.475369,40.4801445
Kim Duran,58,989 Keith Gardens,Christineview,Wyoming,20791,-125.288462,62.052621
Sara Lee,27,00570 Kelsey Views Apt. 658,Sarahport,Delaware,77713,-164.814963,82.0721285
Chelsea Ellis,46,3747 Gonzalez Rest,East Johnton,Wisconsin,58554,-15.994037,48.021433
Ashley Burke,51,9620 Gilbert Roads,Monicafurt,Minnesota,37631,-62.067476,-87.661272
Darrell Alvarez,58,302 Brown Port Apt. 764,Briantown,Alabama,49120,-132.568173,-59.6714955
Steven Jones,64,79082 Todd Walk,Smithtown,Tennessee,73487,-36.647100,-38.7509985
Andrew Lewis,65,749 Brooks Square,Donnaburgh,Connecticut,51599,20.633437,35.2219915
Victoria Hunter,62,96993 Key Freeway Suite 574,Mathisville,Rhode Island,81941,22.777485,86.005681
Timothy Tate,23,099 Jessica Plains,New Douglas,Tennessee,56591,-10.470139,37.289774
Brian Price PhD,30,90741 Michael Motorway,East John,Delaware,73526,26.419477,83.3536765
Brandon Rodriguez,57,54129 Cooley Lakes,Joneston,California,15132,11.284298,-69.558375
Raymond Munoz,60,963 Roger Rue,Lake Christine,Arizona,53606,-60.859727,16.302234
Gail Nguyen,51,701 Lydia Neck Apt. 528,Cowanburgh,Missouri,07480,-100.681102,-89.9886645
Beth Henderson,39,598 Bishop Greens,North Cody,Maryland,57377,-1.568335,-40.815774
Kelly Wilson,62,219 Tonya Brook,Jorgefort,Massachusetts,22338,31.228780,-57.3718265
Dakota Pacheco,24,971 Brooke Locks Suite 804,Port Michael,Arkansas,27796,-88.666861,1.6682745
Natalie Lloyd,77,494 Julie Junction,Jenniferburgh,Michigan,72730,105.983574,32.9172575
Sarah Martin,73,354 Wade Estates Apt. 901,North Davidshire,North Carolina,15516,-170.726733,79.6273095
Brittany Howard MD,26,36503 Wright Green Apt. 496,Rodrigueztown,Wisconsin,23729,136.410085,34.804736
Alan Mcintosh,18,611 Castillo Stream Suite 348,Nicholasland,Wyoming,04650,120.300008,30.9795685
Kevin Howard,28,3248 Sara Burg,South Emilyshire,Washington,36073,171.691759,-13.376890
Pamela Brown,67,78831 Paul Mill Suite 397,Juliefort,South Dakota,80363,-121.016983,2.679829
Steven Glenn,63,87185 Meyer Lock,Lake Kimberlystad,Idaho,83708,-169.183593,-4.4266385
Andrew Allison,57,339 Jodi Meadow,Sierrastad,Kansas,27638,166.427884,-31.967797
Gail Perez,73,73393 Webb Club Apt. 162,New Derekshire,Idaho,24693,82.172338,75.325668
Veronica Warren,53,12474 Christy Mill,Watkinsmouth,New Jersey,02941,107.883634,-31.954238
Angela Ramos,22,32690 Matthew Freeway,Osbornport,Oklahoma,77669,-78.537451,85.740136
Robert Gonzalez,32,2217 Davis Street Apt. 426,Port Deborah,Hawaii,36639,-7.266195,8.262913
Victoria Hunter,37,19316 Rogers Views,Muellermouth,Connecticut,08266,15.057493,15.3880565
Rose Hill,77,98530 James Skyway,New Marcusmouth,Missouri,60637,39.361517,68.117918
Carolyn Schwartz,43,4337 Moore Ranch Suite 813,Port Kendramouth,Connecticut,57179,-171.723159,10.906101
Stacey Sheppard,23,32678 Jenkins Street Apt. 903,Lake Gregorybury,Oklahoma,86529,-172.163143,-58.720001
Nicholas Baker,50,40501 Kathleen Street,Danastad,North Carolina,95167,-94.055999,54.135283
Dustin Ford,43,279 Patrick Manor,Lake Vincentview,Tennessee,26884,-68.240299,73.685738
John Mcdaniel,45,15689 Ryan Island Suite 934,North James,Pennsylvania,69961,2.398501,-5.162696
Kelly Parsons,44,61390 Tammy Inlet,South James,Hawaii,40420,-151.058768,-19.239509
Christina Chen,63,8726 Thompson Light Apt. 480,Carterport,Connecticut,37258,-73.503122,43.408676
Gina Hawkins,47,2823 Matthew Stravenue Apt. 810,Leahberg,Wyoming,07637,108.759771,4.5757575
Amanda Johns,58,71304 Daniel Neck Suite 512,South Monica,Kentucky,46711,13.153948,59.2365035
Natalie Pierce,57,83612 Gonzalez Vista,Port Katherineland,Minnesota,79539,-39.581243,18.8884685
Aaron Garcia,36,5324 Meghan Shoal,Garciaview,Vermont,13137,-96.146014,-20.7239755
Gabriel Williams,26,3365 Brian Hill Suite 085,Kramerchester,Delaware,49148,3.186278,-34.245521
Stephen Johnston,24,471 Robinson Gateway Suite 845,Jamesland,Iowa,43332,65.744519,-16.132231
John Johnston,54,6036 Rebecca Tunnel,East Patrick,Utah,92317,107.377384,-8.157890
Kathleen Preston,24,254 Finley Spring Apt. 046,Hornberg,Vermont,86665,-114.654590,-61.2507715
Sabrina Knight,35,3286 Julie Pike,Stevenville,Florida,23970,-36.510056,-47.3482995
Henry Johnson,67,583 Daniel Stream Apt. 962,East Sean,Utah,82579,134.564151,5.622872
Robert Reed,52,6801 Nicole Corners,West Amanda,Indiana,03517,159.351753,42.452473
Brianna Mason,55,388 Morgan Bridge,West Robert,Colorado,36720,-114.112510,76.517345
Natalie Santiago,40,1172 Jason Plains Suite 861,Port Emily,Wisconsin,59140,35.525672,-27.505701
Alexa Peterson,59,86402 Hawkins Summit Apt. 509,New Matthewview,Utah,77984,-105.208748,-55.724767
Kathleen James,34,50937 Madeline Pass Suite 911,New Brandon,Vermont,69549,-60.454321,6.3114165
Jennifer Burke,61,5391 Kaitlyn Field,Marquezview,South Dakota,36017,-85.243343,-31.1233475
Brittany Norris,37,89034 Scott Place Suite 563,Savannahfort,Ohio,88672,51.483854,67.8351525
Benjamin Olson,39,3005 Rivera Radial,East Brandonland,Nevada,71893,177.810240,75.3473045
Daniel Lewis,80,351 Boyd Bypass Suite 182,East Dawnberg,Nevada,68385,-137.052253,2.9263235
Danielle Maxwell,22,719 Santos Garden,Torresville,Texas,93138,-70.894013,28.843335
Anita Reynolds,19,341 Moore Plains Suite 231,Port Madisonshire,Mississippi,14766,-8.937161,-43.785256
Dawn Snyder,77,3927 Johnny Circles Suite 402,Gregoryburgh,Indiana,79507,-110.446072,-40.0778505
Nathan Torres,21,947 Kristin Spur Suite 344,North Michaelport,Kentucky,89296,22.214179,63.3374775
Valerie Jacobs,26,0879 Thomas Alley,Michelleville,Alabama,57733,-122.808347,-80.5082225
Jessica Miller,79,8610 Karen Locks,West Karen,Maine,66815,-177.380401,40.9316125
Cole Delacruz,24,7906 Powell Grove,Allenland,North Carolina,99339,85.667965,34.701308
Amanda Vazquez,22,738 Donald Streets,Justintown,Maine,43246,128.945596,-5.346281
Michael Scott,80,424 Vasquez Plaza,North Felicia,Kentucky,89776,85.242669,4.7267805
Leslie Pearson,60,152 Russell Forge Apt. 123,New Samuel,Georgia,61569,-171.998231,-87.3940855
Raymond Glenn,34,682 Brandon Mall Suite 873,Gatesmouth,Colorado,18935,-152.806260,-68.5349745
Wendy Perez,77,31679 Hughes Courts,Meltonberg,West Virginia,22912,148.127984,-88.657729
Micheal Best,78,4862 Todd Plain Suite 116,Michaelshire,California,91154,9.726227,-23.810757
Victor Gomez,51,711 Sharon Alley Apt. 633,North Amyland,Arizona,43434,174.665421,-56.289001
Mark Williams,49,7493 Taylor Motorway Suite 489,Kennethburgh,Nebraska,82196,165.744259,81.5116475
Kelly Gibson,49,856 Moss Fall Apt. 834,Carterstad,Missouri,37166,130.479696,63.6138495
Nicholas King,34,85197 Kimberly Turnpike Suite 524,Ellisbury,New York,46092,109.005482,15.995072
Michelle Gibbs,75,432 William Gateway,Curtisland,Arizona,17138,0.428238,77.729849
Linda Hart,19,825 Freeman Square Suite 841,Thorntonfort,Nebraska,64446,59.635186,18.8744695
Kenneth Williams,44,56639 Matthew Garden Suite 769,Port Krista,Ohio,98796,-19.026162,85.5265075
John Avila,47,474 Hughes Track Suite 860,Schmidtberg,Tennessee,43319,55.478178,48.8655065
Mrs. Deborah Anderson PhD,25,77292 Bruce Crossing,Rachelmouth,Michigan,44171,-68.963565,-3.663199
Kathleen Anderson,19,46792 Kimberly Rapid Suite 878,Justinhaven,Florida,04007,89.931445,25.1162055
Mackenzie Salas,76,459 Maldonado Streets,Port Sherry,Tennessee,47770,-32.388276,-65.4655545
Mark Rush,50,80398 Duran Station,South Anthony,Wisconsin,51704,-22.714255,67.3179655
Christie Butler,63,529 Mitchell Streets,East Ann,Tennessee,84778,-115.945504,-9.578881
Debbie Vazquez,45,791 Curtis Roads,Griffinhaven,Missouri,78522,139.315131,43.5824045
Virginia Watts,30,752 Kevin Cape Apt. 687,Jonathanmouth,Georgia,16724,-49.432383,-49.9875605
Nicholas Smith,70,21703 Megan Drives,Carterstad,West Virginia,14996,69.579560,-69.8108245
Gary Zavala,37,399 Joseph Keys,North Holly,Montana,61809,21.037231,22.1562235
Christopher Rodriguez,41,86367 Hinton Mills,Lake Sandramouth,Nevada,39524,-64.229860,-50.2888365
Joe Moore,76,3943 Stephenson Row Suite 608,Meaganland,South Carolina,14928,-46.821112,-24.7943925
Becky Russell,46,2102 Brown Manors,East Timothy,New Hampshire,16204,84.253925,71.2274375
Kyle Mathews,66,366 Ann Light Suite 574,Huntfurt,Michigan,99585,-48.690320,30.745068
Matthew Hickman,59,9248 Mcgee Shoals Apt. 869,Samanthastad,Wisconsin,82825,154.539728,-6.1357225
Kathryn Graves,49,3046 Elizabeth Fork Suite 896,Port Matthew,Oregon,52958,-45.654835,0.6480065
Lori Leonard,29,79676 Davis Ranch,Wademouth,Missouri,78897,80.552613,-70.9831015
Debbie Buck,27,161 Walker Lakes Suite 880,West Bradleyberg,Mississippi,58254,-21.292424,-49.611698
Taylor Hamilton,35,810 Taylor Knoll,East Douglas,Delaware,40620,53.745026,-85.1949215
Eric Griffin,56,67582 Dunn Gardens Apt. 772,Lake Chad,Alaska,30773,-20.104941,76.403150
